04/01/2000,3518.2
05/01/2000,3482.6
06/01/2000,3126.5
07/01/2000,3155
11/01/2000,3290.3
12/01/2000,3204.9
13/01/2000,3240.5
14/01/2000,3297.4
17/01/2000,3290.3
18/01/2000,3162.1
19/01/2000,2969.8
20/01/2000,3155
21/01/2000,3219.1
24/01/2000,3276.1
25/01/2000,3133.6
26/01/2000,3233.3
27/01/2000,3197.7
28/01/2000,3276.1
31/01/2000,3340.2
01/02/2000,3390
02/02/2000,3333
03/02/2000,3290.3
04/02/2000,3418.5
07/02/2000,3553.8
08/02/2000,3504
09/02/2000,3489.7
10/02/2000,3411.4
14/02/2000,3333
15/02/2000,3219.1
16/02/2000,3204.9
17/02/2000,3375.8
18/02/2000,3340.2
21/02/2000,3254.7
22/02/2000,3176.4
23/02/2000,3190.6
24/02/2000,3240.5
25/02/2000,3233.3
28/02/2000,3212
29/02/2000,3126.5
01/03/2000,3112.3
02/03/2000,3112.3
03/03/2000,3098
06/03/2000,3090.9
07/03/2000,3219.1
08/03/2000,3240.5
09/03/2000,3276.1
10/03/2000,3432.8
13/03/2000,3397.1
14/03/2000,3375.8
15/03/2000,3347.3
16/03/2000,3489.7
17/03/2000,3482.6
21/03/2000,3539.6
22/03/2000,3397.1
23/03/2000,3518.2
24/03/2000,3639.3
27/03/2000,3746.1
28/03/2000,3769.7
29/03/2000,3833.9
30/03/2000,3769.7
31/03/2000,3833.9
03/04/2000,3955.3
04/04/2000,3969.6
05/04/2000,3876.8
06/04/2000,3648.3
07/04/2000,3662.6
10/04/2000,3876.8
11/04/2000,3919.6
12/04/2000,3919.6
13/04/2000,3955.3
14/04/2000,4026.7
17/04/2000,3776.8
18/04/2000,3962.4
19/04/2000,3876.8
20/04/2000,4033.8
21/04/2000,4026.7
24/04/2000,3969.6
25/04/2000,4055.3
26/04/2000,3883.9
27/04/2000,3891
28/04/2000,3833.9
01/05/2000,4033.8
02/05/2000,3969.6
08/05/2000,3933.9
09/05/2000,3926.7
10/05/2000,3941
11/05/2000,3791.1
12/05/2000,3819.7
15/05/2000,3705.4
16/05/2000,3612.6
17/05/2000,3519.8
18/05/2000,3812.5
19/05/2000,3741.1
22/05/2000,3569.8
23/05/2000,3612.6
24/05/2000,3619.7
25/05/2000,3634
26/05/2000,3576.9
29/05/2000,3505.5
30/05/2000,3555.5
31/05/2000,3491.2
01/06/2000,3562.6
02/06/2000,3548.4
05/06/2000,3705.4
06/06/2000,3626.9
07/06/2000,3634
08/06/2000,3591.2
09/06/2000,3576.9
12/06/2000,3584
13/06/2000,3462.7
14/06/2000,3262.8
15/06/2000,3162.8
16/06/2000,3177.1
19/06/2000,3248.5
20/06/2000,3362.7
21/06/2000,3412.7
22/06/2000,3412.7
23/06/2000,3327
26/06/2000,3305.6
27/06/2000,3391.3
28/06/2000,3477
29/06/2000,3526.9
30/06/2000,3448.4
03/07/2000,3362.7
04/07/2000,3419.8
05/07/2000,3377
06/07/2000,3391.3
07/07/2000,3412.7
10/07/2000,3555.5
11/07/2000,3576.9
12/07/2000,3576.9
13/07/2000,3519.8
14/07/2000,3455.5
17/07/2000,3405.6
18/07/2000,3277
19/07/2000,3219.9
21/07/2000,3219.9
24/07/2000,3212.8
25/07/2000,3312.7
26/07/2000,3312.7
27/07/2000,3262.8
28/07/2000,3277
31/07/2000,3312.7
01/08/2000,3369.9
02/08/2000,3419.8
03/08/2000,3398.4
04/08/2000,3334.2
07/08/2000,3405.6
08/08/2000,3327
09/08/2000,3305.6
10/08/2000,3305.6
11/08/2000,3362.7
14/08/2000,3362.7
15/08/2000,3355.6
16/08/2000,3277
17/08/2000,3241.4
18/08/2000,3262.8
21/08/2000,3177.1
22/08/2000,3177.1
23/08/2000,3191.4
24/08/2000,3241.4
25/08/2000,3298.5
28/08/2000,3334.2
29/08/2000,3305.6
30/08/2000,3284.2
31/08/2000,3312.7
01/09/2000,3327
04/09/2000,3255.6
05/09/2000,3205.7
06/09/2000,3177.1
07/09/2000,3177.1
08/09/2000,3148.5
11/09/2000,3084.3
12/09/2000,3048.6
13/09/2000,3062.9
14/09/2000,3027.2
18/09/2000,2998.6
19/09/2000,2998.6
20/09/2000,2998.6
21/09/2000,2962.9
22/09/2000,2891.5
25/09/2000,2934.4
26/09/2000,2963.7
27/09/2000,2949.4
28/09/2000,2978
29/09/2000,3056.8
02/10/2000,3135.5
03/10/2000,3128.4
04/10/2000,3157
05/10/2000,3149.8
06/10/2000,3192.8
10/10/2000,3128.4
11/10/2000,3135.5
12/10/2000,3135.5
13/10/2000,3078.2
16/10/2000,3071.1
17/10/2000,3042.4
18/10/2000,3056.8
19/10/2000,3078.2
20/10/2000,3121.2
23/10/2000,3106.9
24/10/2000,3121.2
25/10/2000,3099.7
26/10/2000,3085.4
27/10/2000,3121.2
30/10/2000,3135.5
31/10/2000,3121.2
01/11/2000,3106.9
02/11/2000,3092.6
06/11/2000,3128.4
07/11/2000,3157
08/11/2000,3214.3
09/11/2000,3221.4
10/11/2000,3199.9
13/11/2000,3128.4
14/11/2000,3106.9
15/11/2000,3071.1
16/11/2000,2942.2
17/11/2000,2913.6
20/11/2000,2892.1
21/11/2000,2877.8
22/11/2000,2885
24/11/2000,2834.8
27/11/2000,2820.5
28/11/2000,2799.1
29/11/2000,2777.6
30/11/2000,2827.7
01/12/2000,2863.5
04/12/2000,2827.7
05/12/2000,2756.1
06/12/2000,2763.3
07/12/2000,2734.6
08/12/2000,2698.8
11/12/2000,2777.6
12/12/2000,2806.2
13/12/2000,2820.5
14/12/2000,2834.8
15/12/2000,2806.2
18/12/2000,2784.7
19/12/2000,2777.6
20/12/2000,2720.3
21/12/2000,2684.5
22/12/2000,2612.9
25/12/2000,2648.7
26/12/2000,2634.4
27/12/2000,2641.6
28/12/2000,2634.4
29/12/2000,2612.9
04/01/2001,2663
05/01/2001,2727.5
09/01/2001,2748.9
10/01/2001,2627.2
11/01/2001,2434
12/01/2001,2462.6
15/01/2001,2519.9
16/01/2001,2842
17/01/2001,2877.8
18/01/2001,2827.7
19/01/2001,2827.7
22/01/2001,2784.7
23/01/2001,2741.8
24/01/2001,2756.1
25/01/2001,2784.7
26/01/2001,2756.1
29/01/2001,2791.9
30/01/2001,2834.8
31/01/2001,2842
01/02/2001,2885
02/02/2001,2820.5
05/02/2001,2741.8
06/02/2001,2756.1
07/02/2001,2784.7
08/02/2001,2784.7
09/02/2001,2827.7
13/02/2001,2863.5
14/02/2001,2885
15/02/2001,2877.8
16/02/2001,2877.8
19/02/2001,2842
20/02/2001,2834.8
21/02/2001,2827.7
22/02/2001,2877.8
23/02/2001,2892.1
26/02/2001,2927.9
27/02/2001,2927.9
28/02/2001,2920.7
01/03/2001,2827.7
02/03/2001,2813.4
05/03/2001,2849.2
06/03/2001,2870.6
07/03/2001,2899.3
08/03/2001,2913.6
09/03/2001,2956.5
12/03/2001,2963.7
13/03/2001,2906.4
14/03/2001,2863.5
15/03/2001,2970.9
16/03/2001,2992.3
19/03/2001,3121.2
21/03/2001,3328.8
22/03/2001,3235.7
23/03/2001,3235.7
26/03/2001,3328.8
27/03/2001,3346
28/03/2001,3295.8
29/03/2001,3173.7
30/03/2001,3123.4
02/04/2001,3109.1
03/04/2001,3116.3
04/04/2001,3109.1
05/04/2001,3101.9
06/04/2001,3087.5
09/04/2001,3030.1
10/04/2001,2951.1
11/04/2001,2987
12/04/2001,2965.5
13/04/2001,2936.8
16/04/2001,2922.4
17/04/2001,2915.2
18/04/2001,2951.1
19/04/2001,2936.8
20/04/2001,2922.4
23/04/2001,2893.7
24/04/2001,2872.1
25/04/2001,2843.4
26/04/2001,2943.9
27/04/2001,2951.1
01/05/2001,2994.2
02/05/2001,3058.8
07/05/2001,3051.6
08/05/2001,2965.5
09/05/2001,3008.6
10/05/2001,2994.2
11/05/2001,2951.1
14/05/2001,2908
15/05/2001,2922.4
16/05/2001,2893.7
17/05/2001,3044.5
18/05/2001,3008.6
21/05/2001,3030.1
22/05/2001,2987
23/05/2001,3051.6
24/05/2001,3015.7
25/05/2001,3066
28/05/2001,3087.5
29/05/2001,3058.8
30/05/2001,3030.1
31/05/2001,3015.7
01/06/2001,2972.7
04/06/2001,2965.5
05/06/2001,2965.5
06/06/2001,2951.1
07/06/2001,2929.6
08/06/2001,2951.1
11/06/2001,2965.5
12/06/2001,2936.8
13/06/2001,2922.4
14/06/2001,2972.7
15/06/2001,2994.2
18/06/2001,2979.8
19/06/2001,3008.6
20/06/2001,3044.5
21/06/2001,3087.5
22/06/2001,3087.5
25/06/2001,3109.1
26/06/2001,3109.1
27/06/2001,3123.4
28/06/2001,3109.1
29/06/2001,3152.2
02/07/2001,3173.7
03/07/2001,3166.5
04/07/2001,3159.3
05/07/2001,3152.2
06/07/2001,3109.1
09/07/2001,3130.6
10/07/2001,3130.6
11/07/2001,3101.9
12/07/2001,3058.8
13/07/2001,3073.2
16/07/2001,3080.4
17/07/2001,3058.8
18/07/2001,3008.6
19/07/2001,3008.6
23/07/2001,2943.9
24/07/2001,2958.3
25/07/2001,2965.5
26/07/2001,2951.1
27/07/2001,2958.3
30/07/2001,2929.6
31/07/2001,2958.3
01/08/2001,2943.9
02/08/2001,2951.1
03/08/2001,2922.4
06/08/2001,2915.2
07/08/2001,2922.4
08/08/2001,2922.4
09/08/2001,2879.3
10/08/2001,2879.3
13/08/2001,2872.1
14/08/2001,2879.3
15/08/2001,2872.1
16/08/2001,2800.3
17/08/2001,2750.1
20/08/2001,2728.5
21/08/2001,2728.5
22/08/2001,2728.5
23/08/2001,2742.9
24/08/2001,2757.2
27/08/2001,2721.3
28/08/2001,2692.6
29/08/2001,2620.8
30/08/2001,2620.8
31/08/2001,2592.1
03/09/2001,2563.4
04/09/2001,2663.9
05/09/2001,2678.3
06/09/2001,2692.6
07/09/2001,2656.7
10/09/2001,2613.6
11/09/2001,2620.8
12/09/2001,2441.3
13/09/2001,2304.9
14/09/2001,2297.7
17/09/2001,2290.5
18/09/2001,2283.3
19/09/2001,2254.6
20/09/2001,2111
21/09/2001,1981.8
25/09/2001,2142.6
26/09/2001,2056.1
27/09/2001,2124.6
28/09/2001,2207.6
01/10/2001,2351.9
02/10/2001,2438.4
03/10/2001,2323
04/10/2001,2431.2
05/10/2001,2452.9
09/10/2001,2301.4
10/10/2001,2279.7
11/10/2001,2344.6
12/10/2001,2344.6
15/10/2001,2286.9
16/10/2001,2236.4
17/10/2001,2214.8
18/10/2001,2207.6
19/10/2001,2178.7
22/10/2001,2185.9
23/10/2001,2229.2
24/10/2001,2265.3
25/10/2001,2222
26/10/2001,2193.1
29/10/2001,2171.5
30/10/2001,2171.5
31/10/2001,2142.6
01/11/2001,2171.5
02/11/2001,2193.1
05/11/2001,2236.4
06/11/2001,2207.6
07/11/2001,2153.5
08/11/2001,2229.2
09/11/2001,2250.9
12/11/2001,2193.1
13/11/2001,2171.5
14/11/2001,2160.7
15/11/2001,2164.3
16/11/2001,2178.7
19/11/2001,2330.2
20/11/2001,2344.6
21/11/2001,2395.1
22/11/2001,2351.9
26/11/2001,2351.9
27/11/2001,2344.6
28/11/2001,2286.9
29/11/2001,2330.2
30/11/2001,2272.5
03/12/2001,2258.1
04/12/2001,2193.1
05/12/2001,2250.9
06/12/2001,2301.4
07/12/2001,2272.5
10/12/2001,2222
11/12/2001,2207.6
12/12/2001,2222
13/12/2001,2164.3
14/12/2001,2178.7
17/12/2001,2153.5
18/12/2001,2178.7
19/12/2001,2178.7
20/12/2001,2200.4
21/12/2001,2250.9
25/12/2001,2286.9
26/12/2001,2286.9
27/12/2001,2344.6
28/12/2001,2395.1
04/01/2002,2517.8
07/01/2002,2474.5
08/01/2002,2474.5
09/01/2002,2517.8
10/01/2002,2517.8
11/01/2002,2561.1
15/01/2002,2467.3
16/01/2002,2510.6
17/01/2002,2467.3
18/01/2002,2539.4
21/01/2002,2539.4
22/01/2002,2488.9
23/01/2002,2467.3
24/01/2002,2561.1
25/01/2002,2597.1
28/01/2002,2647.6
29/01/2002,2517.8
30/01/2002,2438.4
31/01/2002,2488.9
01/02/2002,2517.8
04/02/2002,2460.1
05/02/2002,2359.1
06/02/2002,2351.9
07/02/2002,2409.6
08/02/2002,2452.9
12/02/2002,2539.4
13/02/2002,2611.6
14/02/2002,2517.8
15/02/2002,2546.6
18/02/2002,2546.6
19/02/2002,2431.2
20/02/2002,2431.2
21/02/2002,2539.4
22/02/2002,2517.8
25/02/2002,2517.8
26/02/2002,2452.9
27/02/2002,2445.6
28/02/2002,2467.3
01/03/2002,2488.9
04/03/2002,2647.6
05/03/2002,2647.6
06/03/2002,2712.6
07/03/2002,2755.9
08/03/2002,2647.6
11/03/2002,2727
12/03/2002,2690.9
13/03/2002,2727
14/03/2002,2755.9
15/03/2002,2755.9
18/03/2002,2748.6
19/03/2002,2828
20/03/2002,2755.9
22/03/2002,2712.6
25/03/2002,2719.8
26/03/2002,2680
27/03/2002,2716.2
28/03/2002,2766.9
29/03/2002,2643.7
01/04/2002,2665.5
02/04/2002,2687.2
03/04/2002,2687.2
04/04/2002,2680
05/04/2002,2680
08/04/2002,2643.7
09/04/2002,2607.5
10/04/2002,2636.5
11/04/2002,2614.8
12/04/2002,2593
15/04/2002,2614.8
16/04/2002,2614.8
17/04/2002,2622
18/04/2002,2643.7
19/04/2002,2651
22/04/2002,2651
23/04/2002,2672.7
24/04/2002,2629.3
25/04/2002,2600.3
26/04/2002,2564.1
30/04/2002,2535.1
01/05/2002,2549.6
02/05/2002,2513.4
07/05/2002,2462.7
08/05/2002,2506.1
09/05/2002,2520.6
10/05/2002,2542.3
13/05/2002,2564.1
14/05/2002,2593
15/05/2002,2578.5
16/05/2002,2607.5
17/05/2002,2593
20/05/2002,2571.3
21/05/2002,2535.1
22/05/2002,2506.1
23/05/2002,2462.7
24/05/2002,2556.8
27/05/2002,2527.8
28/05/2002,2527.8
29/05/2002,2527.8
30/05/2002,2527.8
31/05/2002,2455.4
03/06/2002,2440.9
04/06/2002,2419.2
05/06/2002,2419.2
06/06/2002,2390.2
07/06/2002,2383
10/06/2002,2346.8
11/06/2002,2354
12/06/2002,2419.2
13/06/2002,2346.8
14/06/2002,2296.1
17/06/2002,2230.9
18/06/2002,2303.3
19/06/2002,2281.6
20/06/2002,2252.6
21/06/2002,2209.2
24/06/2002,2230.9
25/06/2002,2252.6
26/06/2002,2169.3
27/06/2002,2172.9
28/06/2002,2303.3
01/07/2002,2274.3
02/07/2002,2296.1
03/07/2002,2296.1
04/07/2002,2223.6
05/07/2002,2230.9
08/07/2002,2187.4
09/07/2002,2216.4
10/07/2002,2180.2
11/07/2002,2172.9
12/07/2002,2169.3
15/07/2002,2165.7
16/07/2002,2151.2
17/07/2002,2118.6
18/07/2002,2158.4
19/07/2002,2140.3
22/07/2002,2165.7
23/07/2002,2151.2
24/07/2002,2086
25/07/2002,2002.7
26/07/2002,1999.1
29/07/2002,2013.6
30/07/2002,2122.2
31/07/2002,2075.2
01/08/2002,2089.6
02/08/2002,2107.7
05/08/2002,2078.8
06/08/2002,2038.9
07/08/2002,2129.5
08/08/2002,2169.3
09/08/2002,2274.3
12/08/2002,2216.4
13/08/2002,2162.1
14/08/2002,2136.7
15/08/2002,2136.7
16/08/2002,2104.1
19/08/2002,2046.2
20/08/2002,2078.8
21/08/2002,2115
22/08/2002,2140.3
23/08/2002,2187.4
26/08/2002,2238.1
27/08/2002,2194.7
28/08/2002,2169.3
29/08/2002,2107.7
30/08/2002,2125.9
02/09/2002,2078.8
03/09/2002,2035.3
04/09/2002,2006.3
05/09/2002,2049.8
06/09/2002,2082.4
09/09/2002,2118.6
10/09/2002,2125.9
11/09/2002,2172.9
12/09/2002,2187.4
13/09/2002,2147.6
17/09/2002,2252.6
18/09/2002,2267.1
19/09/2002,2390.2
20/09/2002,2296.1
24/09/2002,2303.3
25/09/2002,2256.7
26/09/2002,2307.7
27/09/2002,2358.6
30/09/2002,2278.6
01/10/2002,2227.6
02/10/2002,2183.9
03/10/2002,2213
04/10/2002,2242.2
07/10/2002,2183.9
08/10/2002,2191.2
09/10/2002,2114.8
10/10/2002,2071.1
11/10/2002,2125.7
15/10/2002,2213
16/10/2002,2264
17/10/2002,2278.6
18/10/2002,2278.6
21/10/2002,2264
22/10/2002,2198.5
23/10/2002,2242.2
24/10/2002,2256.7
25/10/2002,2300.4
28/10/2002,2278.6
29/10/2002,2183.9
30/10/2002,2151.2
31/10/2002,2169.4
01/11/2002,2264
05/11/2002,2285.8
06/11/2002,2300.4
07/11/2002,2307.7
08/11/2002,2285.8
11/11/2002,2234.9
12/11/2002,2256.7
13/11/2002,2256.7
14/11/2002,2234.9
15/11/2002,2315
18/11/2002,2271.3
19/11/2002,2293.1
20/11/2002,2322.2
21/11/2002,2278.6
22/11/2002,2285.8
25/11/2002,2307.7
26/11/2002,2315
27/11/2002,2322.2
28/11/2002,2344.1
29/11/2002,2344.1
02/12/2002,2351.4
03/12/2002,2380.5
04/12/2002,2380.5
05/12/2002,2344.1
06/12/2002,2315
09/12/2002,2285.8
10/12/2002,2293.1
11/12/2002,2285.8
12/12/2002,2307.7
13/12/2002,2278.6
16/12/2002,2278.6
17/12/2002,2300.4
18/12/2002,2234.9
19/12/2002,2249.4
20/12/2002,2234.9
24/12/2002,2285.8
25/12/2002,2256.7
26/12/2002,2293.1
27/12/2002,2307.7
30/12/2002,2322.2
06/01/2003,2365.9
07/01/2003,2358.6
08/01/2003,2307.7
09/01/2003,2293.1
10/01/2003,2285.8
14/01/2003,2256.7
15/01/2003,2271.3
16/01/2003,2249.4
17/01/2003,2227.6
20/01/2003,2191.2
21/01/2003,2220.3
22/01/2003,2183.9
23/01/2003,2213
24/01/2003,2173
27/01/2003,2165.7
28/01/2003,2143.9
29/01/2003,2107.5
30/01/2003,2085.6
31/01/2003,2078.4
03/02/2003,2151.2
04/02/2003,2165.7
05/02/2003,2158.4
06/02/2003,2158.4
07/02/2003,2165.7
10/02/2003,2158.4
12/02/2003,2176.6
13/02/2003,2158.4
14/02/2003,2165.7
17/02/2003,2169.4
18/02/2003,2118.4
19/02/2003,2136.6
20/02/2003,2147.5
21/02/2003,2100.2
24/02/2003,2092.9
25/02/2003,2042
26/02/2003,2056.5
27/02/2003,2042
28/02/2003,2020.1
03/03/2003,2074.7
04/03/2003,2085.6
05/03/2003,2063.8
06/03/2003,2042
07/03/2003,2027.4
10/03/2003,2020.1
11/03/2003,1961.9
12/03/2003,1998.3
13/03/2003,1969.2
14/03/2003,1994.7
17/03/2003,1991
18/03/2003,2009.2
19/03/2003,2016.5
20/03/2003,2067.4
24/03/2003,2133
25/03/2003,2056.5
26/03/2003,2129.8
27/03/2003,2093.2
28/03/2003,2056.5
31/03/2003,1931.9
01/04/2003,1957.6
02/04/2003,1953.9
03/04/2003,1939.2
04/04/2003,1931.9
07/04/2003,1986.9
08/04/2003,1942.9
09/04/2003,1935.6
10/04/2003,1906.2
11/04/2003,1832.9
14/04/2003,1818.2
15/04/2003,1884.2
16/04/2003,1862.2
17/04/2003,1891.6
18/04/2003,1913.6
21/04/2003,1931.9
22/04/2003,1917.2
23/04/2003,1931.9
24/04/2003,1946.6
25/04/2003,1884.2
28/04/2003,1869.6
30/04/2003,1979.5
01/05/2003,1957.6
02/05/2003,1964.9
06/05/2003,2012.5
07/05/2003,2038.2
08/05/2003,2019.9
09/05/2003,2019.9
12/05/2003,2023.5
13/05/2003,1997.9
14/05/2003,1986.9
15/05/2003,1961.2
16/05/2003,1957.6
19/05/2003,1964.9
20/05/2003,1975.9
21/05/2003,1953.9
22/05/2003,1953.9
23/05/2003,1961.2
26/05/2003,1961.2
27/05/2003,1931.9
28/05/2003,1935.6
29/05/2003,1986.9
30/05/2003,2096.9
02/06/2003,2104.2
03/06/2003,2111.5
04/06/2003,2148.2
05/06/2003,2177.5
06/06/2003,2214.2
09/06/2003,2258.1
10/06/2003,2236.2
11/06/2003,2258.1
12/06/2003,2265.5
13/06/2003,2258.1
16/06/2003,2228.8
17/06/2003,2265.5
18/06/2003,2294.8
19/06/2003,2324.1
20/06/2003,2316.8
23/06/2003,2324.1
24/06/2003,2228.8
25/06/2003,2228.8
26/06/2003,2250.8
27/06/2003,2294.8
30/06/2003,2280.1
01/07/2003,2287.5
02/07/2003,2309.5
03/07/2003,2412.1
04/07/2003,2382.8
07/07/2003,2426.8
08/07/2003,2492.8
09/07/2003,2566.1
10/07/2003,2522.1
11/07/2003,2397.4
14/07/2003,2368.1
15/07/2003,2346.1
16/07/2003,2324.1
17/07/2003,2272.8
18/07/2003,2280.1
22/07/2003,2265.5
23/07/2003,2272.8
24/07/2003,2272.8
25/07/2003,2280.1
28/07/2003,2280.1
29/07/2003,2250.8
30/07/2003,2228.8
31/07/2003,2236.2
01/08/2003,2228.8
04/08/2003,2199.5
05/08/2003,2214.2
06/08/2003,2243.5
07/08/2003,2272.8
08/08/2003,2236.2
11/08/2003,2258.1
12/08/2003,2250.8
13/08/2003,2324.1
14/08/2003,2382.8
15/08/2003,2404.8
18/08/2003,2397.4
19/08/2003,2404.8
20/08/2003,2426.8
21/08/2003,2500.1
22/08/2003,2419.4
25/08/2003,2375.5
26/08/2003,2382.8
27/08/2003,2404.8
28/08/2003,2368.1
29/08/2003,2360.8
01/09/2003,2412.1
02/09/2003,2419.4
03/09/2003,2456.1
04/09/2003,2522.1
05/09/2003,2551.4
08/09/2003,2529.4
09/09/2003,2558.7
10/09/2003,2580.7
11/09/2003,2580.7
12/09/2003,2690.7
16/09/2003,2815.4
17/09/2003,2852
18/09/2003,2786
19/09/2003,2712.7
22/09/2003,2573.4
24/09/2003,2558.7
25/09/2003,2477.6
26/09/2003,2499.8
29/09/2003,2448.1
30/09/2003,2418.6
01/10/2003,2462.9
02/10/2003,2499.8
03/10/2003,2507.1
06/10/2003,2566.1
07/10/2003,2595.6
08/10/2003,2462.9
09/10/2003,2477.6
10/10/2003,2514.5
14/10/2003,2544
15/10/2003,2499.8
16/10/2003,2544
17/10/2003,2492.4
20/10/2003,2521.9
21/10/2003,2514.5
22/10/2003,2455.5
23/10/2003,2381.8
24/10/2003,2374.4
27/10/2003,2367
28/10/2003,2352.3
29/10/2003,2389.1
30/10/2003,2359.7
31/10/2003,2308
04/11/2003,2521.9
05/11/2003,2470.3
06/11/2003,2507.1
07/11/2003,2544
10/11/2003,2558.7
11/11/2003,2485
12/11/2003,2455.5
13/11/2003,2485
14/11/2003,2477.6
17/11/2003,2470.3
18/11/2003,2403.9
19/11/2003,2344.9
20/11/2003,2367
21/11/2003,2359.7
25/11/2003,2315.4
26/11/2003,2367
27/11/2003,2396.5
28/11/2003,2426
01/12/2003,2462.9
02/12/2003,2521.9
03/12/2003,2492.4
04/12/2003,2544
05/12/2003,2544
08/12/2003,2514.5
09/12/2003,2551.4
10/12/2003,2544
11/12/2003,2610.4
12/12/2003,2625.1
15/12/2003,2669.4
16/12/2003,2625.1
17/12/2003,2551.4
18/12/2003,2647.2
19/12/2003,2684.1
22/12/2003,2721
24/12/2003,2698.9
25/12/2003,2676.7
26/12/2003,2654.6
29/12/2003,2639.9
30/12/2003,2669.4
05/01/2004,2787.3
06/01/2004,2750.5
07/01/2004,2706.2
08/01/2004,2669.4
09/01/2004,2735.7
13/01/2004,2691.5
14/01/2004,2691.5
15/01/2004,2662
16/01/2004,2676.7
19/01/2004,2713.6
20/01/2004,2750.5
21/01/2004,2698.9
22/01/2004,2706.2
23/01/2004,2706.2
26/01/2004,2669.4
27/01/2004,2617.7
28/01/2004,2647.2
29/01/2004,2617.7
30/01/2004,2551.4
02/02/2004,2625.1
03/02/2004,2610.4
04/02/2004,2507.1
05/02/2004,2573.5
06/02/2004,2617.7
09/02/2004,2588.2
10/02/2004,2595.6
12/02/2004,2573.5
13/02/2004,2639.9
16/02/2004,2647.2
17/02/2004,2691.5
18/02/2004,2691.5
19/02/2004,2735.7
20/02/2004,2743.1
23/02/2004,2802.1
24/02/2004,2728.3
25/02/2004,2676.7
26/02/2004,2735.7
27/02/2004,2780
01/03/2004,2846.3
02/03/2004,2875.8
03/03/2004,2853.7
04/03/2004,2824.2
05/03/2004,2890.6
08/03/2004,2897.9
09/03/2004,2912.7
10/03/2004,2861.1
11/03/2004,2853.7
12/03/2004,2846.3
15/03/2004,2853.7
16/03/2004,2794.7
17/03/2004,2816.8
18/03/2004,2802.1
19/03/2004,2772.6
22/03/2004,2721
23/03/2004,2772.6
24/03/2004,2750.5
25/03/2004,2787.3
26/03/2004,2850.4
29/03/2004,2895
30/03/2004,2895
31/03/2004,2880.1
01/04/2004,2776.2
02/04/2004,2805.9
05/04/2004,2872.7
06/04/2004,2909.8
07/04/2004,2880.1
08/04/2004,2909.8
09/04/2004,2895
12/04/2004,2887.5
13/04/2004,2857.9
14/04/2004,2857.9
15/04/2004,2843
16/04/2004,2909.8
19/04/2004,2902.4
20/04/2004,2939.5
21/04/2004,2969.2
22/04/2004,3058.3
23/04/2004,3050.9
26/04/2004,3028.6
27/04/2004,3036
28/04/2004,3006.3
30/04/2004,2961.8
06/05/2004,2909.8
07/05/2004,2865.3
10/05/2004,2791
11/05/2004,2791
12/05/2004,2946.9
13/05/2004,2887.5
14/05/2004,2887.5
17/05/2004,2835.6
18/05/2004,2895
19/05/2004,2902.4
20/05/2004,2857.9
21/05/2004,2887.5
24/05/2004,2887.5
25/05/2004,2857.9
26/05/2004,2880.1
27/05/2004,2917.2
28/05/2004,2969.2
31/05/2004,2969.2
01/06/2004,2984
02/06/2004,2961.8
03/06/2004,2991.5
04/06/2004,3013.7
07/06/2004,3080.5
08/06/2004,3073.1
09/06/2004,3058.3
10/06/2004,3080.5
11/06/2004,3088
14/06/2004,3095.4
15/06/2004,3139.9
16/06/2004,3191.9
17/06/2004,3191.9
18/06/2004,3177
21/06/2004,3251.3
22/06/2004,3229
23/06/2004,3251.3
24/06/2004,3236.4
25/06/2004,3191.9
28/06/2004,3229
29/06/2004,3266.1
30/06/2004,3281
01/07/2004,3332.9
02/07/2004,3273.5
05/07/2004,3229
06/07/2004,3229
07/07/2004,3147.4
08/07/2004,3132.5
09/07/2004,3147.4
12/07/2004,3221.6
13/07/2004,3318.1
14/07/2004,3229
15/07/2004,3243.9
16/07/2004,3206.7
20/07/2004,3169.6
21/07/2004,3199.3
22/07/2004,3184.5
23/07/2004,3169.6
26/07/2004,3184.5
27/07/2004,3162.2
28/07/2004,3229
29/07/2004,3273.5
30/07/2004,3325.5
02/08/2004,3288.4
03/08/2004,3243.9
04/08/2004,3191.9
05/08/2004,3169.6
06/08/2004,3088
09/08/2004,3102.8
10/08/2004,3065.7
11/08/2004,3162.2
12/08/2004,3117.7
13/08/2004,3073.1
16/08/2004,3028.6
17/08/2004,3036
18/08/2004,3065.7
19/08/2004,3050.9
20/08/2004,3065.7
23/08/2004,3080.5
24/08/2004,3139.9
25/08/2004,3206.7
26/08/2004,3273.5
27/08/2004,3258.7
30/08/2004,3258.7
31/08/2004,3206.7
01/09/2004,3236.4
02/09/2004,3221.6
03/09/2004,3125.1
06/09/2004,3177
07/09/2004,3162.2
08/09/2004,3162.2
09/09/2004,3132.5
10/09/2004,3132.5
13/09/2004,3154.8
14/09/2004,3177
15/09/2004,3139.9
16/09/2004,3117.7
17/09/2004,3110.2
21/09/2004,3102.8
22/09/2004,3110.2
24/09/2004,3080.5
27/09/2004,3061.9
28/09/2004,3054.4
29/09/2004,3039.5
30/09/2004,3151.5
01/10/2004,3144
04/10/2004,3188.8
05/10/2004,3203.8
06/10/2004,3226.2
07/10/2004,3188.8
08/10/2004,3211.2
12/10/2004,3136.6
13/10/2004,3099.2
14/10/2004,3084.3
15/10/2004,3069.3
18/10/2004,3069.3
19/10/2004,3091.7
20/10/2004,3046.9
21/10/2004,3017.1
22/10/2004,3032
25/10/2004,2987.2
26/10/2004,2964.8
27/10/2004,2994.7
28/10/2004,3046.9
29/10/2004,3084.3
01/11/2004,3061.9
02/11/2004,3017.1
04/11/2004,3069.3
05/11/2004,3091.7
08/11/2004,3039.5
09/11/2004,3054.4
10/11/2004,3046.9
11/11/2004,3032
12/11/2004,3069.3
15/11/2004,3114.2
16/11/2004,3106.7
17/11/2004,3061.9
18/11/2004,3009.6
19/11/2004,3002.1
22/11/2004,2912.5
24/11/2004,2920
25/11/2004,2912.5
26/11/2004,2920
29/11/2004,2927.5
30/11/2004,2882.6
01/12/2004,2845.3
02/12/2004,2890.1
03/12/2004,2912.5
06/12/2004,2860.2
07/12/2004,2852.8
08/12/2004,2897.6
09/12/2004,2897.6
10/12/2004,2875.2
13/12/2004,2912.5
14/12/2004,2979.7
15/12/2004,3009.6
16/12/2004,2987.2
17/12/2004,3017.1
20/12/2004,3002.1
21/12/2004,3017.1
22/12/2004,3032
24/12/2004,3076.8
27/12/2004,3091.7
28/12/2004,3076.8
29/12/2004,3084.3
30/12/2004,3114.2
04/01/2005,3136.6
05/01/2005,3099.2
06/01/2005,3129.1
07/01/2005,3099.2
11/01/2005,3136.6
12/01/2005,3099.2
13/01/2005,3076.8
14/01/2005,3099.2
17/01/2005,3076.8
18/01/2005,3069.3
19/01/2005,3054.4
20/01/2005,3017.1
21/01/2005,3032
24/01/2005,3017.1
25/01/2005,2979.7
26/01/2005,3024.5
27/01/2005,2994.7
28/01/2005,2972.3
31/01/2005,3009.6
01/02/2005,3024.5
02/02/2005,3032
03/02/2005,3032
04/02/2005,3024.5
07/02/2005,3024.5
08/02/2005,3039.5
09/02/2005,3084.3
10/02/2005,3106.7
14/02/2005,3114.2
15/02/2005,3106.7
16/02/2005,3114.2
17/02/2005,3076.8
18/02/2005,3114.2
21/02/2005,3084.3
22/02/2005,3054.4
23/02/2005,3024.5
24/02/2005,3017.1
25/02/2005,3017.1
28/02/2005,3039.5
01/03/2005,3017.1
02/03/2005,3046.9
03/03/2005,3054.4
04/03/2005,3054.4
07/03/2005,3069.3
08/03/2005,3069.3
09/03/2005,3084.3
10/03/2005,3069.3
11/03/2005,3061.9
14/03/2005,3061.9
15/03/2005,3032
16/03/2005,3039.5
17/03/2005,2987.2
18/03/2005,2994.7
22/03/2005,2987.2
23/03/2005,2994.7
24/03/2005,2949.9
25/03/2005,3009.6
28/03/2005,3039.8
29/03/2005,3009.6
30/03/2005,3024.7
31/03/2005,3009.6
01/04/2005,3032.2
04/04/2005,3032.2
05/04/2005,3077.5
06/04/2005,3115.2
07/04/2005,3130.3
08/04/2005,3107.7
11/04/2005,3077.5
12/04/2005,3039.8
13/04/2005,3032.2
14/04/2005,3024.7
15/04/2005,2987
18/04/2005,2904
19/04/2005,2911.5
20/04/2005,2926.6
21/04/2005,2896.5
22/04/2005,2904
25/04/2005,2919.1
26/04/2005,2911.5
27/04/2005,2904
28/04/2005,2896.5
02/05/2005,2873.8
06/05/2005,2964.3
09/05/2005,2941.7
10/05/2005,2941.7
11/05/2005,2919.1
12/05/2005,2904
13/05/2005,2888.9
16/05/2005,2881.4
17/05/2005,2904
18/05/2005,2881.4
19/05/2005,2926.6
20/05/2005,2934.2
23/05/2005,2956.8
24/05/2005,2971.9
25/05/2005,2971.9
26/05/2005,2934.2
27/05/2005,2941.7
30/05/2005,2971.9
31/05/2005,2911.5
01/06/2005,2934.2
02/06/2005,2949.3
03/06/2005,2934.2
06/06/2005,2911.5
07/06/2005,2888.9
08/06/2005,2896.5
09/06/2005,2873.8
10/06/2005,2888.9
13/06/2005,2926.6
14/06/2005,2941.7
15/06/2005,2941.7
16/06/2005,2941.7
17/06/2005,2979.4
20/06/2005,2964.3
21/06/2005,2956.8
22/06/2005,2987
23/06/2005,2971.9
24/06/2005,2971.9
27/06/2005,2926.6
28/06/2005,2934.2
29/06/2005,2956.8
30/06/2005,2994.5
01/07/2005,3024.7
04/07/2005,3047.3
05/07/2005,3062.4
06/07/2005,3100.1
07/07/2005,3100.1
08/07/2005,3069.9
11/07/2005,3092.6
12/07/2005,3115.2
13/07/2005,3107.7
14/07/2005,3130.3
15/07/2005,3160.5
19/07/2005,3152.9
20/07/2005,3168
21/07/2005,3190.6
22/07/2005,3160.5
25/07/2005,3137.8
26/07/2005,3145.4
27/07/2005,3190.6
28/07/2005,3198.2
29/07/2005,3205.7
01/08/2005,3220.8
02/08/2005,3205.7
03/08/2005,3228.3
04/08/2005,3205.7
05/08/2005,3145.4
08/08/2005,3168
09/08/2005,3190.6
10/08/2005,3273.6
11/08/2005,3303.8
12/08/2005,3303.8
15/08/2005,3266.1
16/08/2005,3266.1
17/08/2005,3281.1
18/08/2005,3311.3
19/08/2005,3288.7
22/08/2005,3349
23/08/2005,3371.7
24/08/2005,3386.7
25/08/2005,3424.5
26/08/2005,3424.5
29/08/2005,3356.6
30/08/2005,3432
31/08/2005,3394.3
01/09/2005,3379.2
02/09/2005,3394.3
05/09/2005,3416.9
06/09/2005,3432
07/09/2005,3462.2
08/09/2005,3462.2
09/09/2005,3484.8
12/09/2005,3515
13/09/2005,3560.2
14/09/2005,3545.1
15/09/2005,3582.9
16/09/2005,3590.4
20/09/2005,3665.8
21/09/2005,3643.2
22/09/2005,3620.6
26/09/2005,3786.5
27/09/2005,3767.5
28/09/2005,3889.1
29/09/2005,4033.4
30/09/2005,3949.8
03/10/2005,4025.8
04/10/2005,4025.8
05/10/2005,3987.8
06/10/2005,3873.9
07/10/2005,3873.9
11/10/2005,3980.2
12/10/2005,3957.4
13/10/2005,3972.6
14/10/2005,3965
17/10/2005,4010.6
18/10/2005,4025.8
19/10/2005,3957.4
20/10/2005,3896.7
21/10/2005,3813.1
24/10/2005,3828.3
25/10/2005,3881.5
26/10/2005,3957.4
27/10/2005,3987.8
28/10/2005,3949.8
31/10/2005,4033.4
01/11/2005,4109.3
02/11/2005,4063.8
04/11/2005,4101.7
07/11/2005,4063.8
08/11/2005,4063.8
09/11/2005,4048.6
10/11/2005,4056.2
11/11/2005,4048.6
14/11/2005,4041
15/11/2005,4063.8
16/11/2005,4177.7
17/11/2005,4284
18/11/2005,4473.9
21/11/2005,4458.7
22/11/2005,4504.3
24/11/2005,4420.8
25/11/2005,4428.4
28/11/2005,4549.9
29/11/2005,4504.3
30/11/2005,4398
01/12/2005,4443.6
02/12/2005,4489.1
05/12/2005,4489.1
06/12/2005,4436
07/12/2005,4436
08/12/2005,4398
09/12/2005,4405.6
12/12/2005,4420.8
13/12/2005,4481.5
14/12/2005,4405.6
15/12/2005,4306.8
16/12/2005,4322
19/12/2005,4360
20/12/2005,4390.4
21/12/2005,4466.3
22/12/2005,4557.5
26/12/2005,4534.7
27/12/2005,4504.3
28/12/2005,4549.9
29/12/2005,4641
30/12/2005,4648.6
04/01/2006,4641
05/01/2006,4663.8
06/01/2006,4641
10/01/2006,4542.3
11/01/2006,4595.5
12/01/2006,4603.1
13/01/2006,4534.7
16/01/2006,4466.3
17/01/2006,4443.6
18/01/2006,4390.4
19/01/2006,4489.1
20/01/2006,4549.9
23/01/2006,4466.3
24/01/2006,4496.7
25/01/2006,4443.6
26/01/2006,4473.9
27/01/2006,4519.5
30/01/2006,4572.7
31/01/2006,4618.3
01/02/2006,4603.1
02/02/2006,4641
03/02/2006,4625.9
06/02/2006,4648.6
07/02/2006,4648.6
08/02/2006,4595.5
09/02/2006,4625.9
10/02/2006,4603.1
13/02/2006,4656.2
14/02/2006,4717
15/02/2006,4724.6
16/02/2006,4800.6
17/02/2006,4876.5
20/02/2006,4846.1
21/02/2006,4853.7
22/02/2006,4770.2
23/02/2006,4823.3
24/02/2006,4808.2
27/02/2006,4739.8
28/02/2006,4747.4
01/03/2006,4671.4
02/03/2006,4717
03/03/2006,4648.6
06/03/2006,4701.8
07/03/2006,4717
08/03/2006,4732.2
09/03/2006,4762.6
10/03/2006,4777.8
13/03/2006,4815.7
14/03/2006,4800.6
15/03/2006,4815.7
16/03/2006,4785.4
17/03/2006,4777.8
20/03/2006,4861.3
22/03/2006,4815.7
23/03/2006,4800.6
24/03/2006,4823.3
27/03/2006,4853.7
28/03/2006,4872.9
29/03/2006,4895.9
30/03/2006,4957.2
31/03/2006,4926.5
03/04/2006,4987.8
04/04/2006,4964.8
05/04/2006,5026.1
06/04/2006,5187
07/04/2006,5202.3
10/04/2006,5217.7
11/04/2006,5225.3
12/04/2006,5133.4
13/04/2006,5118.1
14/04/2006,5164
17/04/2006,5095.1
18/04/2006,5118.1
19/04/2006,5095.1
20/04/2006,5148.7
21/04/2006,5286.6
24/04/2006,5141
25/04/2006,5125.7
26/04/2006,5087.4
27/04/2006,5110.4
28/04/2006,5102.7
01/05/2006,5125.7
02/05/2006,5210
08/05/2006,5179.4
09/05/2006,5156.4
10/05/2006,5118.1
11/05/2006,5010.8
12/05/2006,4880.5
15/05/2006,4788.6
16/05/2006,4727.3
17/05/2006,4780.9
18/05/2006,4712
19/05/2006,4666
22/05/2006,4643
23/05/2006,4558.7
24/05/2006,4704.3
25/05/2006,4604.7
26/05/2006,4681.3
29/05/2006,4704.3
30/05/2006,4704.3
31/05/2006,4543.4
01/06/2006,4612.4
02/06/2006,4689
05/06/2006,4627.7
06/06/2006,4597.1
07/06/2006,4535.8
08/06/2006,4382.5
09/06/2006,4382.5
12/06/2006,4420.8
13/06/2006,4237
14/06/2006,4282.9
15/06/2006,4313.6
16/06/2006,4474.5
19/06/2006,4474.5
20/06/2006,4428.5
21/06/2006,4413.2
22/06/2006,4497.5
23/06/2006,4436.2
26/06/2006,4466.8
27/06/2006,4451.5
28/06/2006,4367.2
29/06/2006,4405.5
30/06/2006,4589.4
03/07/2006,4566.4
04/07/2006,4604.7
05/07/2006,4551.1
06/07/2006,4512.8
07/07/2006,4581.7
10/07/2006,4635.4
11/07/2006,4612.4
12/07/2006,4551.1
13/07/2006,4459.1
14/07/2006,4382.5
18/07/2006,4267.6
19/07/2006,4305.9
20/07/2006,4443.8
21/07/2006,4413.2
24/07/2006,4428.5
25/07/2006,4574.1
26/07/2006,4528.1
27/07/2006,4589.4
28/07/2006,4612.4
31/07/2006,4643
01/08/2006,4589.4
02/08/2006,4566.4
03/08/2006,4681.3
04/08/2006,4658.4
07/08/2006,4620
08/08/2006,4742.6
09/08/2006,4819.2
10/08/2006,4819.2
11/08/2006,4796.3
14/08/2006,4826.9
15/08/2006,4803.9
16/08/2006,4918.9
17/08/2006,4949.5
18/08/2006,4972.5
21/08/2006,4880.5
22/08/2006,4934.2
23/08/2006,4941.8
24/08/2006,4834.6
25/08/2006,4788.6
28/08/2006,4765.6
29/08/2006,4819.2
30/08/2006,4819.2
31/08/2006,4880.5
01/09/2006,4842.2
04/09/2006,4880.5
05/09/2006,4857.6
06/09/2006,4849.9
07/09/2006,4758
08/09/2006,4750.3
11/09/2006,4696.7
12/09/2006,4704.3
13/09/2006,4750.3
14/09/2006,4803.9
15/09/2006,4788.6
19/09/2006,4811.6
20/09/2006,4773.3
21/09/2006,4857.6
22/09/2006,4803.9
25/09/2006,4819.2
26/09/2006,4819.2
27/09/2006,4919.6
28/09/2006,4942.8
29/09/2006,4958.3
02/10/2006,5012.3
03/10/2006,5004.6
04/10/2006,5074.1
05/10/2006,5220.9
06/10/2006,5251.7
10/10/2006,5290.4
11/10/2006,5336.7
12/10/2006,5336.7
13/10/2006,5329
16/10/2006,5321.3
17/10/2006,5228.6
18/10/2006,5244
19/10/2006,5236.3
20/10/2006,5313.5
23/10/2006,5375.3
24/10/2006,5429.4
25/10/2006,5452.5
26/10/2006,5483.4
27/10/2006,5475.7
30/10/2006,5390.8
31/10/2006,5352.1
01/11/2006,5352.1
02/11/2006,5375.3
06/11/2006,5429.4
07/11/2006,5483.4
08/11/2006,5583.8
09/11/2006,5614.7
10/11/2006,5514.3
13/11/2006,5483.4
14/11/2006,5607
15/11/2006,5630.2
16/11/2006,5583.8
17/11/2006,5607
20/11/2006,5375.3
21/11/2006,5367.6
22/11/2006,5413.9
24/11/2006,5321.3
27/11/2006,5313.5
28/11/2006,5274.9
29/11/2006,5352.1
30/11/2006,5421.7
01/12/2006,5390.8
04/12/2006,5375.3
05/12/2006,5336.7
06/12/2006,5390.8
07/12/2006,5429.4
08/12/2006,5437.1
11/12/2006,5514.3
12/12/2006,5583.8
13/12/2006,5637.9
14/12/2006,5692
15/12/2006,5699.7
18/12/2006,5784.6
19/12/2006,5753.7
20/12/2006,5831
21/12/2006,5931.4
22/12/2006,6024.1
25/12/2006,6000.9
26/12/2006,6000.9
27/12/2006,6116.7
28/12/2006,6116.7
29/12/2006,6147.6
04/01/2007,6248
05/01/2007,6101.3
09/01/2007,6078.1
10/01/2007,5939.1
11/01/2007,5915.9
12/01/2007,6039.5
15/01/2007,6132.2
16/01/2007,6116.7
17/01/2007,6132.2
18/01/2007,6163.1
19/01/2007,6163.1
22/01/2007,6170.8
23/01/2007,6178.5
24/01/2007,6294.4
25/01/2007,6186.2
26/01/2007,6163.1
29/01/2007,6178.5
30/01/2007,6209.4
31/01/2007,6139.9
01/02/2007,6170.8
02/02/2007,6139.9
05/02/2007,6039.5
06/02/2007,6147.6
07/02/2007,6170.8
08/02/2007,6178.5
09/02/2007,6248
13/02/2007,6302.1
14/02/2007,6309.8
15/02/2007,6333
16/02/2007,6325.3
19/02/2007,6294.4
20/02/2007,6317.5
21/02/2007,6317.5
22/02/2007,6348.4
23/02/2007,6356.2
26/02/2007,6402.5
27/02/2007,6441.1
28/02/2007,6194
01/03/2007,6070.4
02/03/2007,5954.6
05/03/2007,5761.5
06/03/2007,5962.3
07/03/2007,5977.7
08/03/2007,6055
09/03/2007,6070.4
12/03/2007,6085.8
13/03/2007,6016.3
14/03/2007,5823.3
15/03/2007,5915.9
16/03/2007,5877.3
19/03/2007,5923.7
20/03/2007,5977.7
22/03/2007,6024.1
23/03/2007,6055
26/03/2007,6039.5
27/03/2007,6023.9
28/03/2007,5938.2
29/03/2007,5938.2
30/03/2007,5883.6
02/04/2007,5790.1
03/04/2007,5782.3
04/04/2007,5875.9
05/04/2007,5797.9
06/04/2007,5766.8
09/04/2007,5875.9
10/04/2007,5829.1
11/04/2007,5821.3
12/04/2007,5743.4
13/04/2007,5571.9
16/04/2007,5626.5
17/04/2007,5649.9
18/04/2007,5712.2
19/04/2007,5681
20/04/2007,5751.2
23/04/2007,5774.5
24/04/2007,5743.4
25/04/2007,5634.3
26/04/2007,5642.1
27/04/2007,5704.4
01/05/2007,5665.4
02/05/2007,5634.3
07/05/2007,5665.4
08/05/2007,5642.1
09/05/2007,5610.9
10/05/2007,5509.6
11/05/2007,5571.9
14/05/2007,5704.4
15/05/2007,5712.2
16/05/2007,5735.6
17/05/2007,5704.4
18/05/2007,5720
21/05/2007,5704.4
22/05/2007,5642.1
23/05/2007,5688.8
24/05/2007,5759
25/05/2007,5673.2
28/05/2007,5688.8
29/05/2007,5727.8
30/05/2007,5673.2
31/05/2007,5688.8
01/06/2007,5813.5
04/06/2007,5883.6
05/06/2007,5938.2
06/06/2007,5922.6
07/06/2007,5938.2
08/06/2007,5821.3
11/06/2007,5875.9
12/06/2007,5844.7
13/06/2007,5852.5
14/06/2007,5899.2
15/06/2007,5992.7
18/06/2007,6023.9
19/06/2007,6023.9
20/06/2007,6031.7
21/06/2007,6016.1
22/06/2007,6000.5
25/06/2007,5969.4
26/06/2007,5985
27/06/2007,5883.6
28/06/2007,5938.2
29/06/2007,6078.5
02/07/2007,6078.5
03/07/2007,6101.8
04/07/2007,6117.4
05/07/2007,6109.6
06/07/2007,6062.9
09/07/2007,6101.8
10/07/2007,6070.7
11/07/2007,5969.4
12/07/2007,5946
13/07/2007,5985
17/07/2007,5891.4
18/07/2007,5813.5
19/07/2007,5875.9
20/07/2007,5891.4
23/07/2007,5821.3
24/07/2007,5852.5
25/07/2007,5774.5
26/07/2007,5751.2
27/07/2007,5657.7
30/07/2007,5665.4
31/07/2007,5610.9
01/08/2007,5533
02/08/2007,5509.6
03/08/2007,5517.4
06/08/2007,5595.3
07/08/2007,5649.9
08/08/2007,5696.6
09/08/2007,5665.4
10/08/2007,5525.2
13/08/2007,5509.6
14/08/2007,5501.8
15/08/2007,5338.1
16/08/2007,5197.9
17/08/2007,4823.8
20/08/2007,5026.4
21/08/2007,5127.7
22/08/2007,5104.4
23/08/2007,5205.7
24/08/2007,5190.1
27/08/2007,5221.3
28/08/2007,5190.1
29/08/2007,5088.8
30/08/2007,5081
31/08/2007,5268
03/09/2007,5252.4
04/09/2007,5252.4
05/09/2007,5197.9
06/09/2007,5166.7
07/09/2007,5143.3
10/09/2007,5018.6
11/09/2007,5010.8
12/09/2007,5026.4
13/09/2007,4971.9
14/09/2007,5088.8
18/09/2007,4979.7
19/09/2007,5221.3
20/09/2007,5213.5
21/09/2007,5112.2
25/09/2007,5226.3
26/09/2007,5202.7
27/09/2007,5265.6
28/09/2007,5336.5
01/10/2007,5360.1
02/10/2007,5407.3
03/10/2007,5407.3
04/10/2007,5368
05/10/2007,5375.8
09/10/2007,5320.7
10/10/2007,5249.9
11/10/2007,5265.6
12/10/2007,5163.3
15/10/2007,5076.7
16/10/2007,5045.2
17/10/2007,4942.9
18/10/2007,4998
19/10/2007,4919.3
22/10/2007,4817
23/10/2007,4864.2
24/10/2007,4754
25/10/2007,4683.2
26/10/2007,4911.4
29/10/2007,5061
30/10/2007,5045.2
31/10/2007,5171.2
01/11/2007,5312.9
02/11/2007,5100.3
05/11/2007,5061
06/11/2007,5029.5
07/11/2007,5068.9
08/11/2007,4856.3
09/11/2007,4840.6
12/11/2007,4706.8
13/11/2007,4738.3
14/11/2007,4911.4
15/11/2007,4895.7
16/11/2007,4809.1
19/11/2007,4817
20/11/2007,4809.1
21/11/2007,4675.3
22/11/2007,4620.2
26/11/2007,4714.7
27/11/2007,4801.2
28/11/2007,4722.5
29/11/2007,4872.1
30/11/2007,4911.4
03/12/2007,4872.1
04/12/2007,4824.9
05/12/2007,4832.7
06/12/2007,4911.4
07/12/2007,4990.2
10/12/2007,4990.2
11/12/2007,5005.9
12/12/2007,4974.4
13/12/2007,4880
14/12/2007,4793.4
17/12/2007,4754
18/12/2007,4746.2
19/12/2007,4691.1
20/12/2007,4667.4
21/12/2007,4738.3
25/12/2007,4801.2
26/12/2007,4864.2
27/12/2007,4848.5
28/12/2007,4754
04/01/2008,4549.4
07/01/2008,4494.3
08/01/2008,4494.3
09/01/2008,4573
10/01/2008,4454.9
11/01/2008,4431.3
15/01/2008,4352.6
16/01/2008,4179.4
17/01/2008,4305.4
18/01/2008,4281.8
21/01/2008,4140.1
22/01/2008,3841
23/01/2008,4014.2
24/01/2008,4124.4
25/01/2008,4384.1
28/01/2008,4203.1
29/01/2008,4329
30/01/2008,4344.7
31/01/2008,4580.9
01/02/2008,4549.4
04/02/2008,4643.8
05/02/2008,4549.4
06/02/2008,4565.1
07/02/2008,4643.8
08/02/2008,4628.1
12/02/2008,4698.9
13/02/2008,4620.2
14/02/2008,4722.5
15/02/2008,4746.2
18/02/2008,4880
19/02/2008,4966.5
20/02/2008,4793.4
21/02/2008,4785.5
22/02/2008,4691.1
25/02/2008,4714.7
26/02/2008,4698.9
27/02/2008,4769.8
28/02/2008,4651.7
29/02/2008,4525.8
03/03/2008,4376.2
04/03/2008,4329
05/03/2008,4297.5
06/03/2008,4336.9
07/03/2008,4195.2
10/03/2008,4092.9
11/03/2008,4179.4
12/03/2008,4258.2
13/03/2008,4132.2
14/03/2008,4006.3
17/03/2008,3801.6
18/03/2008,3848.9
19/03/2008,3998.4
21/03/2008,4108.6
24/03/2008,4148
25/03/2008,4203.1
26/03/2008,4199.1
27/03/2008,4079.3
28/03/2008,4183.1
31/03/2008,3967.6
01/04/2008,4007.5
02/04/2008,4183.1
03/04/2008,4119.2
04/04/2008,3983.5
07/04/2008,3983.5
08/04/2008,3943.6
09/04/2008,3911.7
10/04/2008,3855.8
11/04/2008,3951.6
14/04/2008,3847.8
15/04/2008,3887.7
16/04/2008,3895.7
17/04/2008,3999.5
18/04/2008,4079.3
21/04/2008,4286.9
22/04/2008,4175.1
23/04/2008,4103.3
24/04/2008,4095.3
25/04/2008,4223
28/04/2008,4239
30/04/2008,4207.1
01/05/2008,4215
02/05/2008,4334.8
07/05/2008,4454.5
08/05/2008,4374.7
09/05/2008,4231
12/05/2008,4191.1
13/05/2008,4223
14/05/2008,4215
15/05/2008,4294.9
16/05/2008,4270.9
19/05/2008,4374.7
20/05/2008,4326.8
21/05/2008,4183.1
22/05/2008,4135.2
23/05/2008,4103.3
26/05/2008,3999.5
27/05/2008,4071.3
28/05/2008,4007.5
29/05/2008,4143.2
30/05/2008,4286.9
02/06/2008,4366.7
03/06/2008,4310.8
04/06/2008,4446.5
05/06/2008,4462.5
06/06/2008,4462.5
09/06/2008,4334.8
10/06/2008,4326.8
11/06/2008,4430.6
12/06/2008,4310.8
13/06/2008,4382.7
16/06/2008,4510.4
17/06/2008,4470.5
18/06/2008,4526.4
19/06/2008,4382.7
20/06/2008,4318.8
23/06/2008,4239
24/06/2008,4175.1
25/06/2008,4119.2
26/06/2008,4127.2
27/06/2008,4047.4
30/06/2008,3999.5
01/07/2008,3999.5
02/07/2008,3943.6
03/07/2008,3911.7
04/07/2008,3927.6
07/07/2008,3983.5
08/07/2008,3935.6
09/07/2008,3935.6
10/07/2008,3975.5
11/07/2008,3903.7
14/07/2008,3831.9
15/07/2008,3736.1
16/07/2008,3704.1
17/07/2008,3736.1
18/07/2008,3712.1
22/07/2008,3919.7
23/07/2008,3887.7
24/07/2008,4087.3
25/07/2008,3943.6
28/07/2008,3895.7
29/07/2008,3791.9
30/07/2008,3807.9
31/07/2008,3720.1
01/08/2008,3680.2
04/08/2008,3560.4
05/08/2008,3592.4
06/08/2008,3704.1
07/08/2008,3656.2
08/08/2008,3855.8
11/08/2008,4015.5
12/08/2008,4007.5
13/08/2008,3959.6
14/08/2008,3895.7
15/08/2008,4007.5
18/08/2008,4047.4
19/08/2008,3927.6
20/08/2008,3855.8
21/08/2008,3823.9
22/08/2008,3807.9
25/08/2008,3919.7
26/08/2008,3911.7
27/08/2008,3807.9
28/08/2008,3807.9
29/08/2008,3935.6
01/09/2008,3847.8
02/09/2008,3791.9
03/09/2008,3871.8
04/09/2008,3887.7
05/09/2008,3791.9
08/09/2008,3943.6
09/09/2008,3935.6
10/09/2008,3927.6
11/09/2008,3855.8
12/09/2008,3823.9
16/09/2008,3680.2
17/09/2008,3664.2
18/09/2008,3552.4
19/09/2008,3768
22/09/2008,3887.7
24/09/2008,3839.8
25/09/2008,3795.3
26/09/2008,3835.8
29/09/2008,3714.4
30/09/2008,3544.5
01/10/2008,3609.2
02/10/2008,3487.8
03/10/2008,3301.7
06/10/2008,3156
07/10/2008,3002.3
08/10/2008,2654.3
09/10/2008,2735.2
10/10/2008,2605.7
14/10/2008,3010.4
15/10/2008,2953.7
16/10/2008,2678.6
17/10/2008,2767.6
20/10/2008,2921.3
21/10/2008,3067
22/10/2008,2856.6
23/10/2008,2767.6
24/10/2008,2589.6
27/10/2008,2379.2
28/10/2008,2565.3
29/10/2008,2832.3
30/10/2008,3156
31/10/2008,3018.5
04/11/2008,3115.6
05/11/2008,3439.3
06/11/2008,3083.2
07/11/2008,2800
10/11/2008,2808.1
11/11/2008,2670.5
12/11/2008,2621.9
13/11/2008,2492.5
14/11/2008,2541
17/11/2008,2532.9
18/11/2008,2468.2
19/11/2008,2468.2
20/11/2008,2383.2
21/11/2008,2492.5
25/11/2008,2532.9
26/11/2008,2415.6
27/11/2008,2387.3
28/11/2008,2427.7
01/12/2008,2383.2
02/12/2008,2286.1
03/12/2008,2265.9
04/12/2008,2184.9
05/12/2008,2144.5
08/12/2008,2209.2
09/12/2008,2225.4
10/12/2008,2371.1
11/12/2008,2484.4
12/12/2008,2233.5
15/12/2008,2452
16/12/2008,2435.8
17/12/2008,2452
18/12/2008,2395.3
19/12/2008,2346.8
22/12/2008,2342.7
24/12/2008,2249.7
25/12/2008,2302.3
26/12/2008,2346.8
29/12/2008,2375.1
30/12/2008,2350.8
05/01/2009,2435.8
06/01/2009,2468.2
07/01/2009,2589.6
08/01/2009,2541
09/01/2009,2484.4
13/01/2009,2326.6
14/01/2009,2363
15/01/2009,2298.2
16/01/2009,2435.8
19/01/2009,2452
20/01/2009,2508.6
21/01/2009,2411.5
22/01/2009,2310.4
23/01/2009,2274
26/01/2009,2229.5
27/01/2009,2411.5
28/01/2009,2411.5
29/01/2009,2468.2
30/01/2009,2367
02/02/2009,2334.7
03/02/2009,2330.6
04/02/2009,2435.8
05/02/2009,2460.1
06/02/2009,2500.5
09/02/2009,2581.5
10/02/2009,2541
12/02/2009,2468.2
13/02/2009,2468.2
16/02/2009,2452
17/02/2009,2435.8
18/02/2009,2476.3
19/02/2009,2524.8
20/02/2009,2500.5
23/02/2009,2452
24/02/2009,2500.5
25/02/2009,2605.7
26/02/2009,2532.9
27/02/2009,2573.4
02/03/2009,2484.4
03/03/2009,2476.3
04/03/2009,2415.6
05/03/2009,2415.6
06/03/2009,2346.8
09/03/2009,2338.7
10/03/2009,2306.3
11/03/2009,2354.9
12/03/2009,2282.1
13/03/2009,2379.2
16/03/2009,2379.2
17/03/2009,2435.8
18/03/2009,2452
19/03/2009,2399.4
23/03/2009,2468.2
24/03/2009,2557.2
25/03/2009,2589.6
26/03/2009,2642.7
27/03/2009,2667.3
30/03/2009,2569.1
31/03/2009,2552.7
01/04/2009,2675.5
02/04/2009,2822.7
03/04/2009,3027.3
06/04/2009,3060
07/04/2009,3060
08/04/2009,3068.2
09/04/2009,3199.1
10/04/2009,3199.1
13/04/2009,3223.7
14/04/2009,3109.1
15/04/2009,3109.1
16/04/2009,3035.5
17/04/2009,3125.5
20/04/2009,3166.4
21/04/2009,3043.7
22/04/2009,3076.4
23/04/2009,3182.7
24/04/2009,3117.3
27/04/2009,3100.9
28/04/2009,2994.6
30/04/2009,3150
01/05/2009,3190.9
07/05/2009,3305.5
08/05/2009,3256.4
11/05/2009,3100.9
12/05/2009,3060
13/05/2009,2994.6
14/05/2009,2871.8
15/05/2009,2937.3
18/05/2009,2912.7
19/05/2009,3010.9
20/05/2009,2994.6
21/05/2009,2986.4
22/05/2009,2920.9
25/05/2009,2912.7
26/05/2009,2945.5
27/05/2009,3027.3
28/05/2009,3109.1
29/05/2009,3117.3
01/06/2009,3125.5
02/06/2009,3150
03/06/2009,3133.7
04/06/2009,3117.3
05/06/2009,3158.2
08/06/2009,3199.1
09/06/2009,3141.8
10/06/2009,3174.6
11/06/2009,3150
12/06/2009,3158.2
15/06/2009,3133.7
16/06/2009,3027.3
17/06/2009,3043.7
18/06/2009,2986.4
19/06/2009,3019.1
22/06/2009,3010.9
23/06/2009,2937.3
24/06/2009,2961.8
25/06/2009,3027.3
26/06/2009,2994.6
29/06/2009,2920.9
30/06/2009,3002.7
01/07/2009,2970
02/07/2009,2953.7
03/07/2009,2978.2
06/07/2009,2953.7
07/07/2009,2937.3
08/07/2009,2839.1
09/07/2009,2781.8
10/07/2009,2806.4
13/07/2009,2765.5
14/07/2009,2863.7
15/07/2009,2839.1
16/07/2009,2863.7
17/07/2009,2871.8
21/07/2009,2961.8
22/07/2009,2945.5
23/07/2009,2994.6
24/07/2009,3068.2
27/07/2009,3100.9
28/07/2009,3117.3
29/07/2009,3109.1
30/07/2009,3215.5
31/07/2009,3264.6
03/08/2009,3346.4
04/08/2009,3297.3
05/08/2009,3256.4
06/08/2009,3379.1
07/08/2009,3346.4
10/08/2009,3395.5
11/08/2009,3379.1
12/08/2009,3297.3
13/08/2009,3346.4
14/08/2009,3370.9
17/08/2009,3280.9
18/08/2009,3305.5
19/08/2009,3313.7
20/08/2009,3354.6
21/08/2009,3256.4
24/08/2009,3330
25/08/2009,3313.7
26/08/2009,3362.7
27/08/2009,3305.5
28/08/2009,3305.5
31/08/2009,3264.6
01/09/2009,3289.1
02/09/2009,3207.3
03/09/2009,3150
04/09/2009,3150
07/09/2009,3174.6
08/09/2009,3166.4
09/09/2009,3109.1
10/09/2009,3199.1
11/09/2009,3141.8
14/09/2009,3060
15/09/2009,3068.2
16/09/2009,3035.5
17/09/2009,3092.7
18/09/2009,3133.7
24/09/2009,3117.3
25/09/2009,3051.5
28/09/2009,2936.3
29/09/2009,2936.3
30/09/2009,2936.3
01/10/2009,2887
02/10/2009,2780.1
05/10/2009,2755.4
06/10/2009,2813
07/10/2009,2829.4
08/10/2009,2878.8
09/10/2009,2895.2
13/10/2009,2969.2
14/10/2009,2936.3
15/10/2009,2977.5
16/10/2009,2977.5
19/10/2009,2985.7
20/10/2009,2944.6
21/10/2009,2969.2
22/10/2009,2985.7
23/10/2009,2952.8
26/10/2009,3002.1
27/10/2009,2961
28/10/2009,2961
29/10/2009,2936.3
30/10/2009,3010.4
02/11/2009,2936.3
04/11/2009,2969.2
05/11/2009,2944.6
06/11/2009,2895.2
09/11/2009,2878.8
10/11/2009,2804.7
11/11/2009,2821.2
12/11/2009,2895.2
13/11/2009,2887
16/11/2009,2919.9
17/11/2009,2936.3
18/11/2009,2919.9
19/11/2009,2870.5
20/11/2009,2829.4
24/11/2009,2780.1
25/11/2009,2813
26/11/2009,2780.1
27/11/2009,2714.3
30/11/2009,2829.4
01/12/2009,2895.2
02/12/2009,2928.1
03/12/2009,3092.6
04/12/2009,3067.9
07/12/2009,3084.4
08/12/2009,3084.4
09/12/2009,3051.5
10/12/2009,3002.1
11/12/2009,3084.4
14/12/2009,3051.5
15/12/2009,3043.3
16/12/2009,3092.6
17/12/2009,3092.6
18/12/2009,3076.2
21/12/2009,3059.7
22/12/2009,3125.5
24/12/2009,3199.5
25/12/2009,3166.6
28/12/2009,3174.9
29/12/2009,3199.5
30/12/2009,3191.3
04/01/2010,3199.5
05/01/2010,3129.6
06/01/2010,3207.8
07/01/2010,3166.6
08/01/2010,3257.1
12/01/2010,3384.6
13/01/2010,3335.3
14/01/2010,3401.1
15/01/2010,3454.5
18/01/2010,3446.3
19/01/2010,3405.2
20/01/2010,3376.4
21/01/2010,3446.3
22/01/2010,3335.3
25/01/2010,3265.3
26/01/2010,3183.1
27/01/2010,3047.4
28/01/2010,2928.1
29/01/2010,2870.5
01/02/2010,2837.6
02/02/2010,2965.1
03/02/2010,2796.5
04/02/2010,2697.8
05/02/2010,2726.6
08/02/2010,2697.8
09/02/2010,2776
10/02/2010,2788.3
12/02/2010,2845.9
15/02/2010,2759.5
16/02/2010,2780.1
17/02/2010,2780.1
18/02/2010,2763.6
19/02/2010,2714.3
22/02/2010,2747.2
23/02/2010,2734.8
24/02/2010,2693.7
25/02/2010,2689.6
26/02/2010,2738.9
01/03/2010,2710.2
02/03/2010,2726.6
03/03/2010,2813
04/03/2010,2776
05/03/2010,2792.4
08/03/2010,2891.1
09/03/2010,2874.7
10/03/2010,2833.5
11/03/2010,2845.9
12/03/2010,2858.2
15/03/2010,2882.9
16/03/2010,2919.9
17/03/2010,2944.6
18/03/2010,2903.4
19/03/2010,2961
23/03/2010,3010.4
24/03/2010,3055.6
25/03/2010,3047.4
26/03/2010,3092.6
29/03/2010,3096.8
30/03/2010,3121.6
31/03/2010,3100.9
01/04/2010,3080.2
02/04/2010,3125.7
05/04/2010,3158.9
06/04/2010,3125.7
07/04/2010,3113.3
08/04/2010,3055.4
09/04/2010,3067.8
12/04/2010,3084.3
13/04/2010,3067.8
14/04/2010,3096.8
15/04/2010,3071.9
16/04/2010,3059.5
19/04/2010,3001.5
20/04/2010,3009.8
21/04/2010,3022.2
22/04/2010,2980.8
23/04/2010,2956
26/04/2010,3055.4
27/04/2010,3059.5
28/04/2010,3009.8
30/04/2010,3034.7
06/05/2010,2939.4
07/05/2010,2881.5
10/05/2010,2914.6
11/05/2010,2893.9
12/05/2010,2972.6
13/05/2010,2980.8
14/05/2010,2922.9
17/05/2010,2922.9
18/05/2010,2922.9
19/05/2010,2906.3
20/05/2010,2831.8
21/05/2010,2778
24/05/2010,2786.3
25/05/2010,2736.6
26/05/2010,2682.8
27/05/2010,2711.7
28/05/2010,2732.4
31/05/2010,2715.9
01/06/2010,2703.5
02/06/2010,2678.6
03/06/2010,2773.8
04/06/2010,2769.7
07/06/2010,2657.9
08/06/2010,2649.6
09/06/2010,2616.5
10/06/2010,2633.1
11/06/2010,2662.1
14/06/2010,2695.2
15/06/2010,2724.2
16/06/2010,2757.3
17/06/2010,2728.3
18/06/2010,2682.8
21/06/2010,2728.3
22/06/2010,2711.7
23/06/2010,2666.2
24/06/2010,2645.5
25/06/2010,2595.8
28/06/2010,2566.8
29/06/2010,2550.3
30/06/2010,2550.3
01/07/2010,2492.3
02/07/2010,2500.6
05/07/2010,2513
06/07/2010,2546.1
07/07/2010,2525.4
08/07/2010,2591.7
09/07/2010,2583.4
12/07/2010,2583.4
13/07/2010,2587.5
14/07/2010,2691
15/07/2010,2628.9
16/07/2010,2595.8
20/07/2010,2529.6
21/07/2010,2508.9
22/07/2010,2513
23/07/2010,2554.4
26/07/2010,2558.6
27/07/2010,2517.1
28/07/2010,2550.3
29/07/2010,2542
30/07/2010,2525.4
02/08/2010,2571
03/08/2010,2600
04/08/2010,2558.6
05/08/2010,2571
06/08/2010,2579.3
09/08/2010,2542
10/08/2010,2546.1
11/08/2010,2500.6
12/08/2010,2508.9
13/08/2010,2508.9
16/08/2010,2504.7
17/08/2010,2488.2
18/08/2010,2508.9
19/08/2010,2554.4
20/08/2010,2508.9
23/08/2010,2488.2
24/08/2010,2467.5
25/08/2010,2409.5
26/08/2010,2424.4
27/08/2010,2435.2
30/08/2010,2426.1
31/08/2010,2368.1
01/09/2010,2365.6
02/09/2010,2359.8
03/09/2010,2408.7
06/09/2010,2446.8
07/09/2010,2431
08/09/2010,2380.5
09/09/2010,2426.1
10/09/2010,2443.5
13/09/2010,2441
14/09/2010,2400.4
15/09/2010,2492.3
16/09/2010,2533.7
17/09/2010,2554.4
21/09/2010,2542
22/09/2010,2517.1
24/09/2010,2533.7
27/09/2010,2562.7
28/09/2010,2562.7
29/09/2010,2562.7
30/09/2010,2498.5
01/10/2010,2486
04/10/2010,2468.5
05/10/2010,2479.4
06/10/2010,2460.2
07/10/2010,2461
08/10/2010,2412.7
12/10/2010,2376
13/10/2010,2371.8
14/10/2010,2441.8
15/10/2010,2411.8
18/10/2010,2441
19/10/2010,2438.5
20/10/2010,2406.8
21/10/2010,2416.8
22/10/2010,2438.5
25/10/2010,2411
26/10/2010,2388.5
27/10/2010,2425.2
28/10/2010,2401
29/10/2010,2382.7
01/11/2010,2343.5
02/11/2010,2370.2
04/11/2010,2425.2
05/11/2010,2470.2
08/11/2010,2499.4
09/11/2010,2488.5
10/11/2010,2546
11/11/2010,2596
12/11/2010,2579.4
15/11/2010,2616.9
16/11/2010,2629.4
17/11/2010,2641.9
18/11/2010,2679.4
19/11/2010,2721
22/11/2010,2750.2
24/11/2010,2725.2
25/11/2010,2754.4
26/11/2010,2741.9
29/11/2010,2750.2
30/11/2010,2683.5
01/12/2010,2758.5
02/12/2010,2741.9
03/12/2010,2729.4
06/12/2010,2729.4
07/12/2010,2712.7
08/12/2010,2733.5
09/12/2010,2729.4
10/12/2010,2691.9
13/12/2010,2708.5
14/12/2010,2716.9
15/12/2010,2741.9
16/12/2010,2737.7
17/12/2010,2712.7
20/12/2010,2691.9
21/12/2010,2708.5
22/12/2010,2700.2
24/12/2010,2687.7
27/12/2010,2691.9
28/12/2010,2687.7
29/12/2010,2708.5
30/12/2010,2683.5
04/01/2011,2721
05/01/2011,2746
06/01/2011,2816.9
07/01/2011,2879.4
11/01/2011,2879.4
12/01/2011,2916.9
13/01/2011,2946.1
14/01/2011,2958.6
17/01/2011,2916.9
18/01/2011,2925.2
19/01/2011,2904.4
20/01/2011,2871
21/01/2011,2808.5
24/01/2011,2846
25/01/2011,2887.7
26/01/2011,2833.5
27/01/2011,2866.9
28/01/2011,2825.2
31/01/2011,2833.5
01/02/2011,2808.5
02/02/2011,2900.2
03/02/2011,2866.9
04/02/2011,2883.5
07/02/2011,2908.5
08/02/2011,2908.5
09/02/2011,3058.6
10/02/2011,3146.1
14/02/2011,3225.2
15/02/2011,3258.6
16/02/2011,3254.4
17/02/2011,3258.6
18/02/2011,3237.7
21/02/2011,3254.4
22/02/2011,3171.1
23/02/2011,3116.9
24/02/2011,3062.7
25/02/2011,3129.4
28/02/2011,3183.6
01/03/2011,3212.7
02/03/2011,3121.1
03/03/2011,3116.9
04/03/2011,3154.4
07/03/2011,3079.4
08/03/2011,3083.6
09/03/2011,3096.1
10/03/2011,3041.9
11/03/2011,2996.1
14/03/2011,2758.5
15/03/2011,2554.4
16/03/2011,2787.7
17/03/2011,2725.2
18/03/2011,2679.4
22/03/2011,2787.7
23/03/2011,2754.4
24/03/2011,2679.4
25/03/2011,2729.4
28/03/2011,2746
29/03/2011,2737.6
30/03/2011,2800.7
31/03/2011,2817.5
01/04/2011,2821.7
04/04/2011,2809.1
05/04/2011,2741.8
06/04/2011,2746
07/04/2011,2771.3
08/04/2011,2809.1
11/04/2011,2741.8
12/04/2011,2725
13/04/2011,2762.9
14/04/2011,2750.2
15/04/2011,2725
18/04/2011,2712.4
19/04/2011,2628.3
20/04/2011,2666.1
21/04/2011,2687.2
22/04/2011,2771.3
25/04/2011,2754.4
26/04/2011,2687.2
27/04/2011,2678.8
28/04/2011,2716.6
02/05/2011,2767.1
06/05/2011,2699.8
09/05/2011,2687.2
10/05/2011,2733.4
11/05/2011,2750.2
12/05/2011,2834.3
13/05/2011,2859.6
16/05/2011,2809.1
17/05/2011,2779.7
18/05/2011,2783.9
19/05/2011,2775.5
20/05/2011,2758.7
23/05/2011,2741.8
24/05/2011,2729.2
25/05/2011,2788.1
26/05/2011,2821.7
27/05/2011,2804.9
30/05/2011,2800.7
31/05/2011,2859.6
01/06/2011,2842.8
02/06/2011,2750.2
03/06/2011,2716.6
06/06/2011,2704
07/06/2011,2762.9
08/06/2011,2767.1
09/06/2011,2750.2
10/06/2011,2775.5
13/06/2011,2708.2
14/06/2011,2716.6
15/06/2011,2733.4
16/06/2011,2687.2
17/06/2011,2670.3
20/06/2011,2670.3
21/06/2011,2695.6
22/06/2011,2725
23/06/2011,2733.4
24/06/2011,2762.9
27/06/2011,2699.8
28/06/2011,2704
29/06/2011,2750.2
30/06/2011,2775.5
01/07/2011,2804.9
04/07/2011,2847
05/07/2011,2851.2
06/07/2011,2880.6
07/07/2011,2859.6
08/07/2011,2897.4
11/07/2011,2876.4
12/07/2011,2821.7
13/07/2011,2830.1
14/07/2011,2809.1
15/07/2011,2800.7
19/07/2011,2779.7
20/07/2011,2796.5
21/07/2011,2783.9
22/07/2011,2804.9
25/07/2011,2767.1
26/07/2011,2771.3
27/07/2011,2737.6
28/07/2011,2678.8
29/07/2011,2653.5
01/08/2011,2666.1
02/08/2011,2657.7
03/08/2011,2624.1
04/08/2011,2640.9
05/08/2011,2556.8
08/08/2011,2517.3
09/08/2011,2470.2
10/08/2011,2447.5
11/08/2011,2397.8
12/08/2011,2370.9
15/08/2011,2439.9
16/08/2011,2438.2
17/08/2011,2401.2
18/08/2011,2360.8
19/08/2011,2328
22/08/2011,2270.8
23/08/2011,2323.8
24/08/2011,2286
25/08/2011,2324.7
26/08/2011,2328
29/08/2011,2283.5
30/08/2011,2288.5
31/08/2011,2299.4
01/09/2011,2316.3
02/09/2011,2280.1
05/09/2011,2220.4
06/09/2011,2190.9
07/09/2011,2254
08/09/2011,2270.8
09/09/2011,2254
12/09/2011,2207.8
13/09/2011,2227.9
14/09/2011,2215.3
15/09/2011,2262.4
16/09/2011,2299.4
20/09/2011,2258.2
21/09/2011,2247.3
22/09/2011,2210.3
26/09/2011,2172.4
27/09/2011,2237.2
28/09/2011,2269.4
29/09/2011,2289.7
30/09/2011,2277.9
03/10/2011,2233
04/10/2011,2176.2
05/10/2011,2133
06/10/2011,2150.8
07/10/2011,2160.1
11/10/2011,2194.8
12/10/2011,2188
13/10/2011,2203.3
14/10/2011,2166
17/10/2011,2227.9
18/10/2011,2185.5
19/10/2011,2186.4
20/10/2011,2165.2
21/10/2011,2158.4
24/10/2011,2186.4
25/10/2011,2149.1
26/10/2011,2142.3
27/10/2011,2189.7
28/10/2011,2230.4
31/10/2011,2240.6
01/11/2011,2199.9
02/11/2011,2122.8
04/11/2011,2162.6
07/11/2011,2157.5
08/11/2011,2121.1
09/11/2011,2154.2
10/11/2011,2117.7
11/11/2011,2079.6
14/11/2011,2104.2
15/11/2011,2094
16/11/2011,2090.6
17/11/2011,2122.8
18/11/2011,2074.5
21/11/2011,2021.1
22/11/2011,2022.8
24/11/2011,2013.5
25/11/2011,2044.8
28/11/2011,2104.2
29/11/2011,2143.1
30/11/2011,2126.2
01/12/2011,2175.3
02/12/2011,2198.2
05/12/2011,2256.7
06/12/2011,2208.4
07/12/2011,2264.3
08/12/2011,2243.1
09/12/2011,2233.8
12/12/2011,2217.7
13/12/2011,2192.3
14/12/2011,2184.7
15/12/2011,2157.5
16/12/2011,2116.9
19/12/2011,2107.5
20/12/2011,2098.2
21/12/2011,2127.9
22/12/2011,2115.2
26/12/2011,2128.7
27/12/2011,2123.6
28/12/2011,2141.4
29/12/2011,2144
30/12/2011,2173.6
04/01/2012,2240.6
05/01/2012,2240.6
06/01/2012,2235.5
10/01/2012,2225.3
11/01/2012,2225.3
12/01/2012,2199.1
13/01/2012,2234.7
16/01/2012,2200.8
17/01/2012,2199.9
18/01/2012,2189.7
19/01/2012,2221.1
20/01/2012,2312.6
23/01/2012,2305
24/01/2012,2366.9
25/01/2012,2438
26/01/2012,2446.5
27/01/2012,2405
30/01/2012,2363.5
31/01/2012,2381.3
01/02/2012,2419.4
02/02/2012,2462.6
03/02/2012,2456.7
06/02/2012,2530.4
07/02/2012,2530.4
08/02/2012,2656.7
09/02/2012,2652.4
10/02/2012,2593.1
13/02/2012,2597.4
14/02/2012,2644
15/02/2012,2766.8
16/02/2012,2766.8
17/02/2012,2783.8
20/02/2012,2838.9
21/02/2012,2813.4
22/02/2012,2864.3
23/02/2012,2855.8
24/02/2012,2864.3
27/02/2012,2864.3
28/02/2012,2868.5
29/02/2012,2843.1
01/03/2012,2826.2
02/03/2012,2809.2
05/03/2012,2800.7
06/03/2012,2783.8
07/03/2012,2749.9
08/03/2012,2821.9
09/03/2012,2898.2
12/03/2012,2885.5
13/03/2012,2894
14/03/2012,2953.3
15/03/2012,3038
16/03/2012,3033.8
19/03/2012,3029.5
21/03/2012,2982.9
22/03/2012,2995.6
23/03/2012,2936.3
26/03/2012,2944.8
27/03/2012,3050.7
28/03/2012,3106.3
29/03/2012,3055
30/03/2012,3050.7
02/04/2012,3046.5
03/04/2012,3037.9
04/04/2012,2978.1
05/04/2012,2956.7
06/04/2012,2896.9
09/04/2012,2828.5
10/04/2012,2871.3
11/04/2012,2837.1
12/04/2012,2845.6
13/04/2012,2841.4
16/04/2012,2794.4
17/04/2012,2768.7
18/04/2012,2845.6
19/04/2012,2871.3
20/04/2012,2815.7
23/04/2012,2790.1
24/04/2012,2785.8
25/04/2012,2802.9
26/04/2012,2811.5
27/04/2012,2824.3
01/05/2012,2726
02/05/2012,2738.8
07/05/2012,2657.6
08/05/2012,2687.5
09/05/2012,2687.5
10/05/2012,2708.9
11/05/2012,2764.5
14/05/2012,2760.2
15/05/2012,2704.6
16/05/2012,2649.1
17/05/2012,2687.5
18/05/2012,2589.3
21/05/2012,2567.9
22/05/2012,2632
23/05/2012,2619.2
24/05/2012,2619.2
25/05/2012,2619.2
28/05/2012,2623.5
29/05/2012,2632
30/05/2012,2627.7
31/05/2012,2597.8
01/06/2012,2572.2
04/06/2012,2481.6
05/06/2012,2500.4
06/06/2012,2562.8
07/06/2012,2614.9
08/06/2012,2580.7
11/06/2012,2623.5
12/06/2012,2593.5
13/06/2012,2606.4
14/06/2012,2576.5
15/06/2012,2560.2
18/06/2012,2610.6
19/06/2012,2576.5
20/06/2012,2606.4
21/06/2012,2636.3
22/06/2012,2636.3
25/06/2012,2632
26/06/2012,2602.1
27/06/2012,2589.3
28/06/2012,2657.6
29/06/2012,2726
02/07/2012,2713.2
03/07/2012,2751.6
04/07/2012,2747.4
05/07/2012,2755.9
06/07/2012,2747.4
09/07/2012,2696.1
10/07/2012,2644.8
11/07/2012,2632
12/07/2012,2585
13/07/2012,2572.2
17/07/2012,2554.2
18/07/2012,2562.8
19/07/2012,2580.7
20/07/2012,2535.4
23/07/2012,2491
24/07/2012,2461.1
25/07/2012,2407.3
26/07/2012,2450.8
27/07/2012,2514.9
30/07/2012,2526.9
31/07/2012,2580.7
01/08/2012,2567.9
02/08/2012,2602.1
03/08/2012,2619.2
06/08/2012,2683.3
07/08/2012,2721.7
08/08/2012,2700.4
09/08/2012,2738.8
10/08/2012,2708.9
13/08/2012,2704.6
14/08/2012,2683.3
15/08/2012,2691.8
16/08/2012,2777.3
17/08/2012,2798.6
20/08/2012,2773
21/08/2012,2785.8
22/08/2012,2798.6
23/08/2012,2785.8
24/08/2012,2764.5
27/08/2012,2751.6
28/08/2012,2717.5
29/08/2012,2713.2
30/08/2012,2708.9
31/08/2012,2644.8
03/09/2012,2640.5
04/09/2012,2632
05/09/2012,2606.4
06/09/2012,2649.1
07/09/2012,2738.8
10/09/2012,2755.9
11/09/2012,2708.9
12/09/2012,2734.5
13/09/2012,2708.9
14/09/2012,2747.4
18/09/2012,2730.3
19/09/2012,2781.5
20/09/2012,2743.1
21/09/2012,2734.5
24/09/2012,2691.8
25/09/2012,2721.7
26/09/2012,2674.3
27/09/2012,2687.2
28/09/2012,2622.5
01/10/2012,2578.5
02/10/2012,2582.8
03/10/2012,2592.3
04/10/2012,2670
05/10/2012,2626.8
09/10/2012,2588
10/10/2012,2538.8
11/10/2012,2504.3
12/10/2012,2531.1
15/10/2012,2583.7
16/10/2012,2613.9
17/10/2012,2639.8
18/10/2012,2704.5
19/10/2012,2708.8
22/10/2012,2717.4
23/10/2012,2713.1
24/10/2012,2670
25/10/2012,2704.5
26/10/2012,2657
29/10/2012,2613.9
30/10/2012,2601
31/10/2012,2644.1
01/11/2012,2665.7
02/11/2012,2708.8
05/11/2012,2769.2
06/11/2012,2795.1
07/11/2012,2795.1
08/11/2012,2721.7
09/11/2012,2708.8
12/11/2012,2661.3
13/11/2012,2661.3
14/11/2012,2639.8
15/11/2012,2773.5
16/11/2012,2868.4
19/11/2012,2907.2
20/11/2012,2898.6
21/11/2012,2963.3
22/11/2012,3032.3
26/11/2012,3084
27/11/2012,3045.2
28/11/2012,2997.8
29/11/2012,3032.3
30/11/2012,3049.5
03/12/2012,3032.3
04/12/2012,3028
05/12/2012,3019.3
06/12/2012,3049.5
07/12/2012,3049.5
10/12/2012,3049.5
11/12/2012,3045.2
12/12/2012,3071.1
13/12/2012,3105.6
14/12/2012,3105.6
17/12/2012,3122.9
18/12/2012,3209.1
19/12/2012,3321.3
20/12/2012,3347.2
21/12/2012,3265.2
25/12/2012,3260.9
26/12/2012,3304
27/12/2012,3390.3
28/12/2012,3455
04/01/2013,3675
07/01/2013,3610.3
08/01/2013,3537
09/01/2013,3593
10/01/2013,3627.5
11/01/2013,3675
15/01/2013,3679.3
16/01/2013,3584.4
17/01/2013,3631.8
18/01/2013,3709.5
21/01/2013,3692.2
22/01/2013,3657.7
23/01/2013,3584.4
24/01/2013,3662
25/01/2013,3744
28/01/2013,3722.4
29/01/2013,3731.1
30/01/2013,3765.6
31/01/2013,3765.6
01/02/2013,3877.7
04/02/2013,3964
05/02/2013,3916.5
06/02/2013,4153.8
07/02/2013,4153.8
08/02/2013,4222.8
12/02/2013,4244.3
13/02/2013,4166.7
14/02/2013,4153.8
15/02/2013,4076.1
18/02/2013,4127.9
19/02/2013,4089.1
20/02/2013,4158.1
21/02/2013,4110.6
22/02/2013,4080.4
25/02/2013,4136.5
26/02/2013,4067.5
27/02/2013,3972.6
28/02/2013,4110.6
01/03/2013,4097.7
04/03/2013,4093.4
05/03/2013,4084.7
06/03/2013,4166.7
07/03/2013,4171
08/03/2013,4235.7
11/03/2013,4313.4
12/03/2013,4278.8
13/03/2013,4235.7
14/03/2013,4270.2
15/03/2013,4330.6
18/03/2013,4184
19/03/2013,4261.6
21/03/2013,4304.7
22/03/2013,4209.8
25/03/2013,4244.3
26/03/2013,4235.7
27/03/2013,4279.4
28/03/2013,4213.9
29/03/2013,4244.4
01/04/2013,4157.1
02/04/2013,4030.5
03/04/2013,4183.3
04/04/2013,4301.2
05/04/2013,4445.3
08/04/2013,4628.7
09/04/2013,4602.5
10/04/2013,4654.9
11/04/2013,4925.7
12/04/2013,4943.1
15/04/2013,4838.3
16/04/2013,4759.7
17/04/2013,4847.1
18/04/2013,4742.3
19/04/2013,4785.9
22/04/2013,4847.1
23/04/2013,4812.1
24/04/2013,4908.2
25/04/2013,5004.3
26/04/2013,4986.8
30/04/2013,4925.7
01/05/2013,4847.1
02/05/2013,4794.7
07/05/2013,5030.5
08/05/2013,5100.3
09/05/2013,5030.5
10/05/2013,5283.7
13/05/2013,5484.6
14/05/2013,5423.5
15/05/2013,5624.3
16/05/2013,5633.1
17/05/2013,5650.5
20/05/2013,5755.3
21/05/2013,5799
22/05/2013,5790.3
23/05/2013,5493.3
24/05/2013,5440.9
27/05/2013,5170.2
28/05/2013,5423.5
29/05/2013,5414.7
30/05/2013,5292.5
31/05/2013,5248.8
03/06/2013,5074.1
04/06/2013,5178.9
05/06/2013,5004.3
06/06/2013,4925.7
07/06/2013,4785.9
10/06/2013,5196.4
11/06/2013,5213.9
12/06/2013,5117.8
13/06/2013,4882
14/06/2013,4882
17/06/2013,4978.1
18/06/2013,5065.4
19/06/2013,5126.5
20/06/2013,5074.1
21/06/2013,5100.3
24/06/2013,5021.7
25/06/2013,4951.9
26/06/2013,4978.1
27/06/2013,5152.7
28/06/2013,5231.3
01/07/2013,5292.5
02/07/2013,5440.9
03/07/2013,5440.9
04/07/2013,5397.3
05/07/2013,5510.8
08/07/2013,5458.4
09/07/2013,5598.1
10/07/2013,5580.7
11/07/2013,5571.9
12/07/2013,5598.1
16/07/2013,5641.8
17/07/2013,5676.7
18/07/2013,5659.3
19/07/2013,5650.5
22/07/2013,5668
23/07/2013,5659.3
24/07/2013,5615.6
25/07/2013,5571.9
26/07/2013,5371.1
29/07/2013,5152.7
30/07/2013,5301.2
31/07/2013,5213.9
01/08/2013,5432.2
02/08/2013,5615.6
05/08/2013,5554.5
06/08/2013,5571.9
07/08/2013,5440.9
08/08/2013,5379.8
09/08/2013,5388.5
12/08/2013,5406
13/08/2013,5528.3
14/08/2013,5598.1
15/08/2013,5510.8
16/08/2013,5493.3
19/08/2013,5519.5
20/08/2013,5379.8
21/08/2013,5266.3
22/08/2013,5283.7
23/08/2013,5432.2
26/08/2013,5423.5
27/08/2013,5379.8
28/08/2013,5257.5
29/08/2013,5292.5
30/08/2013,5187.7
02/09/2013,5240.1
03/09/2013,5414.7
04/09/2013,5440.9
05/09/2013,5458.4
06/09/2013,5423.5
09/09/2013,5467.1
10/09/2013,5502.1
11/09/2013,5537
12/09/2013,5475.9
13/09/2013,5484.6
17/09/2013,5449.7
18/09/2013,5528.3
19/09/2013,5589.4
20/09/2013,5659.3
24/09/2013,5624.3
25/09/2013,5650.5
26/09/2013,5743.2
27/09/2013,5681.4
30/09/2013,5531.4
01/10/2013,5531.4
02/10/2013,5478.5
03/10/2013,5513.8
04/10/2013,5452
07/10/2013,5372.6
08/10/2013,5337.3
09/10/2013,5496.1
10/10/2013,5602
11/10/2013,5654.9
15/10/2013,5637.3
16/10/2013,5610.8
17/10/2013,5593.2
18/10/2013,5540.3
21/10/2013,5557.9
22/10/2013,5619.7
23/10/2013,5575.5
24/10/2013,5584.4
25/10/2013,5469.7
28/10/2013,5566.7
29/10/2013,5531.4
30/10/2013,5619.7
31/10/2013,5610.8
01/11/2013,5584.4
05/11/2013,5575.5
06/11/2013,5602
07/11/2013,5531.4
08/11/2013,5469.7
11/11/2013,5513.8
12/11/2013,5575.5
13/11/2013,5540.3
14/11/2013,5566.7
15/11/2013,5619.7
18/11/2013,5602
19/11/2013,5557.9
20/11/2013,5549.1
21/11/2013,5540.3
22/11/2013,5593.2
25/11/2013,5672.6
26/11/2013,5602
27/11/2013,5575.5
28/11/2013,5637.3
29/11/2013,5628.5
02/12/2013,5619.7
03/12/2013,5637.3
04/12/2013,5540.3
05/12/2013,5487.3
06/12/2013,5487.3
09/12/2013,5557.9
10/12/2013,5531.4
11/12/2013,5487.3
12/12/2013,5443.2
13/12/2013,5452
16/12/2013,5346.2
17/12/2013,5381.5
18/12/2013,5469.7
19/12/2013,5469.7
20/12/2013,5443.2
24/12/2013,5425.6
25/12/2013,5434.4
26/12/2013,5593.2
27/12/2013,5637.3
30/12/2013,5663.8
06/01/2014,5557.9
07/01/2014,5531.4
08/01/2014,5557.9
09/01/2014,5531.4
10/01/2014,5549.1
14/01/2014,5420.3
15/01/2014,5500.6
16/01/2014,5523.5
17/01/2014,5469.7
20/01/2014,5475
21/01/2014,5557.9
22/01/2014,5593.2
23/01/2014,5519.1
24/01/2014,5443.2
27/01/2014,5327.6
28/01/2014,5309.1
29/01/2014,5413.2
30/01/2014,5291.5
31/01/2014,5224.4
03/02/2014,5144.1
04/02/2014,4852.1
05/02/2014,5143.3
06/02/2014,5103.6
07/02/2014,5205
10/02/2014,5287.9
12/02/2014,5310.9
13/02/2014,5197.1
14/02/2014,5128.3
17/02/2014,5110.6
18/02/2014,5244.7
19/02/2014,5213.8
20/02/2014,5169.7
21/02/2014,5277.4
24/02/2014,5226.2
25/02/2014,5284.4
26/02/2014,5220
27/02/2014,5213
28/02/2014,5151.2
03/03/2014,5093
04/03/2014,5126.5
05/03/2014,5083.3
06/03/2014,5177.7
07/03/2014,5195.3
10/03/2014,5135.3
11/03/2014,5153.8
12/03/2014,5053.3
13/03/2014,5046.2
14/03/2014,4897.1
17/03/2014,4907.7
18/03/2014,4896.2
19/03/2014,4859.2
20/03/2014,4786
24/03/2014,4867.1
25/03/2014,4905.1
26/03/2014,4958.9
27/03/2014,5147.5
28/03/2014,5196
31/03/2014,5232.8
01/04/2014,5221.2
02/04/2014,5251.7
03/04/2014,5245.4
04/04/2014,5202.3
07/04/2014,5171.8
08/04/2014,5050.5
09/04/2014,4895.1
10/04/2014,4779.2
11/04/2014,4773
14/04/2014,4859.2
15/04/2014,4850.2
16/04/2014,4960.7
17/04/2014,4950.8
18/04/2014,4997.5
21/04/2014,5002.9
22/04/2014,4992.1
23/04/2014,4984
24/04/2014,4912.2
25/04/2014,4934.6
28/04/2014,4915.8
30/04/2014,4954.4
01/05/2014,5064.9
02/05/2014,5057.7
07/05/2014,4949.9
08/05/2014,4965.2
09/05/2014,4994.8
12/05/2014,4952.6
13/05/2014,5074.7
14/05/2014,5101.7
15/05/2014,5061.3
16/05/2014,4959.8
19/05/2014,4903.2
20/05/2014,4911.3
21/05/2014,4868.2
22/05/2014,4963.4
23/05/2014,4991.2
26/05/2014,5028.9
27/05/2014,5016.4
28/05/2014,5041.5
29/05/2014,5086.4
30/05/2014,5174.4
02/06/2014,5229.2
03/06/2014,5258.9
04/06/2014,5258
05/06/2014,5242.7
06/06/2014,5271.5
09/06/2014,5279.5
10/06/2014,5218.5
11/06/2014,5275.9
12/06/2014,5281.3
13/06/2014,5258
16/06/2014,5230.1
17/06/2014,5229.2
18/06/2014,5284.9
19/06/2014,5400.8
20/06/2014,5416.1
23/06/2014,5372
24/06/2014,5354.1
25/06/2014,5350.5
26/06/2014,5394.5
27/06/2014,5432.2
30/06/2014,5464.6
01/07/2014,5540.9
02/07/2014,5576.8
03/07/2014,5540
04/07/2014,5569.6
07/07/2014,5541.8
08/07/2014,5506.8
09/07/2014,5444.8
10/07/2014,5391.8
11/07/2014,5372
14/07/2014,5408
15/07/2014,5409.8
16/07/2014,5428.6
17/07/2014,5433.1
18/07/2014,5394.5
22/07/2014,5413.4
23/07/2014,5430.4
24/07/2014,5452
25/07/2014,5485.2
28/07/2014,5508.6
29/07/2014,5508.6
30/07/2014,5515.8
31/07/2014,5512.2
01/08/2014,5467.3
04/08/2014,5425.9
05/08/2014,5426.8
06/08/2014,5379.2
07/08/2014,5414.3
08/08/2014,5303.8
11/08/2014,5335.2
12/08/2014,5380.1
13/08/2014,5388.2
14/08/2014,5397.2
15/08/2014,5381
18/08/2014,5366.7
19/08/2014,5375.6
20/08/2014,5345.1
21/08/2014,5380.1
22/08/2014,5337.9
25/08/2014,5375.6
26/08/2014,5380.1
27/08/2014,5370.3
28/08/2014,5330.7
29/08/2014,5324.4
01/09/2014,5349.6
02/09/2014,5443
03/09/2014,5458.3
04/09/2014,5467.3
05/09/2014,5492.4
08/09/2014,5485.2
09/09/2014,5503.2
10/09/2014,5541.8
11/09/2014,5584.9
12/09/2014,5661.3
16/09/2014,5663.1
17/09/2014,5666.7
18/09/2014,5788.8
19/09/2014,5832.8
22/09/2014,5831
24/09/2014,5769
25/09/2014,5883.1
26/09/2014,5863.1
29/09/2014,5894.9
30/09/2014,5872.2
01/10/2014,5905.8
02/10/2014,5701.4
03/10/2014,5715
06/10/2014,5799.5
07/10/2014,5784.1
08/10/2014,5680.5
09/10/2014,5669.6
10/10/2014,5651.4
14/10/2014,5431.5
15/10/2014,5442.4
16/10/2014,5341.6
17/10/2014,5207.1
20/10/2014,5477
21/10/2014,5388.8
22/10/2014,5482.4
23/10/2014,5492.4
24/10/2014,5588.7
27/10/2014,5628.7
28/10/2014,5607.8
29/10/2014,5689.6
30/10/2014,5687.8
31/10/2014,5904
04/11/2014,6178.4
05/11/2014,6185.7
06/11/2014,6189.3
07/11/2014,6193.9
10/11/2014,6098.5
11/11/2014,6190.2
12/11/2014,6213.8
13/11/2014,6296.5
14/11/2014,6332
17/11/2014,6201.1
18/11/2014,6358.3
19/11/2014,6382.8
20/11/2014,6449.2
21/11/2014,6441
25/11/2014,6532.8
26/11/2014,6523.7
27/11/2014,6493.7
28/11/2014,6645.4
01/12/2014,6749.9
02/12/2014,6839
03/12/2014,6898
04/12/2014,7023.4
05/12/2014,7034.3
08/12/2014,7139.7
09/12/2014,7047
10/12/2014,6835.3
11/12/2014,6797.2
12/12/2014,6814.4
15/12/2014,6642.7
16/12/2014,6554.6
17/12/2014,6490.1
18/12/2014,6587.3
19/12/2014,6870.8
22/12/2014,6846.2
24/12/2014,6957.1
25/12/2014,6915.3
26/12/2014,6992.5
29/12/2014,6961.6
30/12/2014,6867.1
05/01/2015,6820.8
06/01/2015,6632.7
07/01/2015,6729.9
08/01/2015,6863.5
09/01/2015,6913.5
13/01/2015,6831.7
14/01/2015,6719.9
15/01/2015,6838
16/01/2015,6827.1
19/01/2015,6782.6
20/01/2015,6958.9
21/01/2015,6894.4
22/01/2015,6891.6
23/01/2015,6982.5
26/01/2015,7018.9
27/01/2015,7109.7
28/01/2015,7103.3
29/01/2015,7022.5
30/01/2015,6946.2
02/02/2015,6959.8
03/02/2015,6859.8
04/02/2015,7021.6
05/02/2015,6954.3
06/02/2015,6926.2
09/02/2015,6996.1
10/02/2015,7007.9
12/02/2015,7133.3
13/02/2015,7094.3
16/02/2015,7113.3
17/02/2015,7088.8
18/02/2015,7231.5
19/02/2015,7266.9
20/02/2015,7339.6
23/02/2015,7386.8
24/02/2015,7451.3
25/02/2015,7384.1
26/02/2015,7383.2
27/02/2015,7326
02/03/2015,7382.3
03/03/2015,7392.3
04/03/2015,7370.5
05/03/2015,7326
06/03/2015,7441.3
09/03/2015,7444.1
10/03/2015,7430.4
11/03/2015,7412.3
12/03/2015,7503.1
13/03/2015,7502.2
16/03/2015,7523.1
17/03/2015,7575.8
18/03/2015,7689.4
19/03/2015,7714.8
20/03/2015,7812
23/03/2015,7942
24/03/2015,7894.7
25/03/2015,7900.2
26/03/2015,7818.4
27/03/2015,7819.3
30/03/2015,7768.6
31/03/2015,7729
01/04/2015,7593.4
02/04/2015,7723.4
03/04/2015,7768.6
06/04/2015,7682.9
07/04/2015,7753.9
08/04/2015,7718.8
09/04/2015,7714.2
10/04/2015,7676.4
13/04/2015,7604.5
14/04/2015,7638.6
15/04/2015,7627.6
16/04/2015,7660.8
17/04/2015,7649.7
20/04/2015,7617.4
21/04/2015,7788
22/04/2015,7801.8
23/04/2015,7816.6
24/04/2015,7756.6
27/04/2015,7689.3
28/04/2015,7850.7
30/04/2015,7705.9
01/05/2015,7666.3
07/05/2015,7573.2
08/05/2015,7633.1
11/05/2015,7592.5
12/05/2015,7637.7
13/05/2015,7556.6
14/05/2015,7540.9
15/05/2015,7648.8
18/05/2015,7700.4
19/05/2015,7711.5
20/05/2015,7749.3
21/05/2015,7765.9
22/05/2015,7694.9
25/05/2015,7799
26/05/2015,7791.7
27/05/2015,7833.2
28/05/2015,7963.2
29/05/2015,7932.7
01/06/2015,7855.3
02/06/2015,7849.8
03/06/2015,7850.7
04/06/2015,7861.7
05/06/2015,7809.2
08/06/2015,7705.9
09/06/2015,7574.1
10/06/2015,7543.7
11/06/2015,7672.7
12/06/2015,7739.1
15/06/2015,7752.9
16/06/2015,7740
17/06/2015,7662.6
18/06/2015,7545.5
19/06/2015,7591.6
22/06/2015,7649.7
23/06/2015,7813.8
24/06/2015,7789.8
25/06/2015,7687.5
26/06/2015,7682.9
29/06/2015,7515.1
30/06/2015,7563
01/07/2015,7504.9
02/07/2015,7516.9
03/07/2015,7543.7
06/07/2015,7437.6
07/07/2015,7482.8
08/07/2015,7312.2
09/07/2015,7281.8
10/07/2015,7306.7
13/07/2015,7480
14/07/2015,7561.2
15/07/2015,7627.6
16/07/2015,7774.2
17/07/2015,7693.9
21/07/2015,7722.5
22/07/2015,7632.2
23/07/2015,7631.2
24/07/2015,7631.2
27/07/2015,7544.6
28/07/2015,7446.9
29/07/2015,7479.1
30/07/2015,7526.1
31/07/2015,7609.1
03/08/2015,7560.3
04/08/2015,7487.4
05/08/2015,7311.3
06/08/2015,7406.3
07/08/2015,7484.7
10/08/2015,7508.6
11/08/2015,7488.3
12/08/2015,7363.9
13/08/2015,7321.5
14/08/2015,7325.1
17/08/2015,7313.2
18/08/2015,7345.4
19/08/2015,7280.9
20/08/2015,7128.8
21/08/2015,6914.9
24/08/2015,6448.3
25/08/2015,6200.3
26/08/2015,6380.1
27/08/2015,6477.8
28/08/2015,6772.9
31/08/2015,6630.9
01/09/2015,6453.9
02/09/2015,6467.7
03/09/2015,6624.4
04/09/2015,6457.6
07/09/2015,6535.9
08/09/2015,6500
09/09/2015,6906.6
10/09/2015,6615.2
11/09/2015,6520.3
14/09/2015,6460.3
15/09/2015,6602.3
16/09/2015,6727.7
17/09/2015,6765.5
18/09/2015,6669.6
24/09/2015,6546.1
25/09/2015,6633.7
28/09/2015,6590.7
29/09/2015,6282.1
30/09/2015,6517.7
01/10/2015,6686
02/10/2015,6785.1
05/10/2015,6774.8
06/10/2015,6748.7
07/10/2015,6873
08/10/2015,6871.1
09/10/2015,7012.3
13/10/2015,6840.3
14/10/2015,6720.6
15/10/2015,6779.5
16/10/2015,6918.8
19/10/2015,6877.7
20/10/2015,6844
21/10/2015,6981.5
22/10/2015,6945
23/10/2015,7032.9
26/10/2015,7068.4
27/10/2015,7032.9
28/10/2015,7059.1
29/10/2015,6972.1
30/10/2015,6983.3
02/11/2015,6906.7
04/11/2015,6971.2
05/11/2015,7007.7
06/11/2015,7014.2
09/11/2015,7129.2
10/11/2015,7132.9
11/11/2015,7104
12/11/2015,7094.6
13/11/2015,7035.7
16/11/2015,6929.1
17/11/2015,7054.4
18/11/2015,7104.9
19/11/2015,7124.5
20/11/2015,7089.9
24/11/2015,7139.5
25/11/2015,7105.8
26/11/2015,7187.2
27/11/2015,7171.3
30/11/2015,7159.1
01/12/2015,7257.3
02/12/2015,7311.5
03/12/2015,7318.1
04/12/2015,7191.8
07/12/2015,7203.1
08/12/2015,7106.8
09/12/2015,7156.3
10/12/2015,7106.8
11/12/2015,7185.3
14/12/2015,6977.7
15/12/2015,6847.8
16/12/2015,7117
17/12/2015,7202.1
18/12/2015,7160.1
21/12/2015,7086.2
22/12/2015,7138.6
24/12/2015,7049.7
25/12/2015,6996.4
28/12/2015,6997.4
29/12/2015,6969.3
30/12/2015,7001.1
04/01/2016,6859.9
05/01/2016,6756.1
06/01/2016,6622.4
07/01/2016,6449.5
08/01/2016,6417.7
12/01/2016,6315.8
13/01/2016,6500.9
14/01/2016,6355
15/01/2016,6319.5
18/01/2016,6303.6
19/01/2016,6361.6
20/01/2016,6146.5
21/01/2016,5976.4
22/01/2016,6378.4
25/01/2016,6380.3
26/01/2016,6198
27/01/2016,6433.6
28/01/2016,6435.4
29/01/2016,6731.8
01/02/2016,6861.8
02/02/2016,6829.1
03/02/2016,6451.3
04/02/2016,6313
05/02/2016,6194.2
08/02/2016,6128.8
09/02/2016,5753.8
10/02/2016,5728.6
12/02/2016,5338.7
15/02/2016,5849.2
16/02/2016,5843.6
17/02/2016,5680.9
18/02/2016,5778.2
19/02/2016,5608.9
22/02/2016,5591.2
23/02/2016,5604.3
24/02/2016,5585.6
25/02/2016,5545.3
26/02/2016,5525.7
29/02/2016,5513.6
01/03/2016,5509.8
02/03/2016,5700.6
03/03/2016,5776.3
04/03/2016,5824
07/03/2016,5703.4
08/03/2016,5600.5
09/03/2016,5587.4
10/03/2016,5753.8
11/03/2016,5740.8
14/03/2016,5796.9
15/03/2016,5691.2
16/03/2016,5651
17/03/2016,5633.2
18/03/2016,5505.1
22/03/2016,5701.5
23/03/2016,5709
24/03/2016,5620.1
25/03/2016,5778.2
28/03/2016,5818.4
29/03/2016,5857.4
30/03/2016,5710.8
31/03/2016,5665.1
01/04/2016,5492.8
04/04/2016,5353.9
05/04/2016,5176.8
06/04/2016,5194
07/04/2016,5162.6
08/04/2016,5203.5
11/04/2016,5023.6
12/04/2016,5220.6
13/04/2016,5352
14/04/2016,5526.2
15/04/2016,5463.3
18/04/2016,5203.5
19/04/2016,5406.2
20/04/2016,5371
21/04/2016,5543.3
22/04/2016,5633.7
25/04/2016,5703.2
26/04/2016,5662.3
27/04/2016,5563.3
28/04/2016,5381.5
02/05/2016,5179.7
06/05/2016,5214
09/05/2016,5286.3
10/05/2016,5403.4
11/05/2016,5362.4
12/05/2016,5285.4
13/05/2016,5191.1
16/05/2016,5203.5
17/05/2016,5266.3
18/05/2016,5270.1
19/05/2016,5229.2
20/05/2016,5293.9
23/05/2016,5240.6
24/05/2016,5167.3
25/05/2016,5287.3
26/05/2016,5326.3
27/05/2016,5319.6
30/05/2016,5407.2
31/05/2016,5504.3
01/06/2016,5477.6
02/06/2016,5395.8
03/06/2016,5401.5
06/06/2016,5393.9
07/06/2016,5381.5
08/06/2016,5407.2
09/06/2016,5332.9
10/06/2016,5355.8
13/06/2016,5166.4
14/06/2016,5133.1
15/06/2016,5199.7
16/06/2016,5026.5
17/06/2016,5159.7
20/06/2016,5299.6
21/06/2016,5365.3
22/06/2016,5336.8
23/06/2016,5460.5
24/06/2016,4987.4
27/06/2016,4902.7
28/06/2016,4735.2
29/06/2016,4872.3
30/06/2016,4808.5
01/07/2016,4860.9
04/07/2016,4879.9
05/07/2016,4904.6
06/07/2016,4819.9
07/07/2016,4828.5
08/07/2016,4811.4
11/07/2016,5045.5
12/07/2016,5180.7
13/07/2016,5356.7
14/07/2016,5375.8
15/07/2016,5481.4
19/07/2016,5505.2
20/07/2016,5496.7
21/07/2016,5591.8
22/07/2016,5556.6
25/07/2016,5564.2
26/07/2016,5424.3
27/07/2016,5583.3
28/07/2016,5576.6
29/07/2016,5609.9
01/08/2016,5517.6
02/08/2016,5421.5
03/08/2016,5319.6
04/08/2016,5416.7
05/08/2016,5577.6
08/08/2016,5763.2
09/08/2016,5721.3
10/08/2016,5657.5
12/08/2016,5710.8
15/08/2016,5663.2
16/08/2016,5591.8
17/08/2016,5716.5
18/08/2016,5615.6
19/08/2016,5735.6
22/08/2016,5806
23/08/2016,5708
24/08/2016,5825
25/08/2016,5821.2
26/08/2016,5626.1
29/08/2016,5850.7
30/08/2016,5887.8
31/08/2016,5937.3
01/09/2016,5981.1
02/09/2016,5964
05/09/2016,5962.1
06/09/2016,5934.5
07/09/2016,5885.9
08/09/2016,5891.7
09/09/2016,5873.6
12/09/2016,5799.3
13/09/2016,5814.6
14/09/2016,5758.4
15/09/2016,5682.3
16/09/2016,5583.3
20/09/2016,5665.1
21/09/2016,5847.9
23/09/2016,5663.2
26/09/2016,5631.8
27/09/2016,5724.1
28/09/2016,5683.5
29/09/2016,5708.6
30/09/2016,5593.5
03/10/2016,5605.1
04/10/2016,5709.6
05/10/2016,5795.8
06/10/2016,5838.3
07/10/2016,5813.2
11/10/2016,5821.9
12/10/2016,5765.8
13/10/2016,5777.4
14/10/2016,5800.6
17/10/2016,5836.4
18/10/2016,5797.7
19/10/2016,5761.9
20/10/2016,5844.2
21/10/2016,5780.3
24/10/2016,5764.8
25/10/2016,5847.1
26/10/2016,5831.6
27/10/2016,5811.2
28/10/2016,5849
31/10/2016,5883.8
01/11/2016,5877.1
02/11/2016,5747.4
04/11/2016,5515.1
07/11/2016,5623.5
08/11/2016,5704.8
09/11/2016,5333.1
10/11/2016,5650.6
11/11/2016,5760.9
14/11/2016,5844.2
15/11/2016,5869.3
16/11/2016,5987.4
17/11/2016,5953.5
18/11/2016,6113.2
21/11/2016,6154.8
22/11/2016,6085.2
24/11/2016,6376.5
25/11/2016,6474.3
28/11/2016,6439.4
29/11/2016,6426.8
30/11/2016,6435.5
01/12/2016,6491.7
02/12/2016,6471.3
05/12/2016,6415.2
06/12/2016,6468.4
07/12/2016,6639.8
08/12/2016,6759.8
09/12/2016,6778.2
12/12/2016,6776.2
13/12/2016,6823.7
14/12/2016,6805.3
15/12/2016,6926.3
16/12/2016,6925.3
19/12/2016,6914.6
20/12/2016,6902.1
21/12/2016,6893.4
22/12/2016,6862.4
26/12/2016,6766.6
27/12/2016,6744.3
28/12/2016,6746.2
29/12/2016,6618.5
30/12/2016,6657.2
04/01/2017,6869.2
05/01/2017,6822.7
06/01/2017,6707.5
10/01/2017,6640.7
11/01/2017,6690.1
12/01/2017,6625.2
13/01/2017,6661.1
16/01/2017,6607.8
17/01/2017,6503.3
18/01/2017,6519.7
19/01/2017,6634.9
20/01/2017,6582.7
23/01/2017,6475.2
24/01/2017,6367.8
25/01/2017,6490.7
26/01/2017,6546.8
27/01/2017,6488.8
30/01/2017,6489.7
31/01/2017,6372.6
01/02/2017,6335.8
02/02/2017,6223.6
03/02/2017,6238.1
06/02/2017,6284.5
07/02/2017,6142.3
08/02/2017,6180
09/02/2017,6054.2
10/02/2017,6239.1
13/02/2017,6282.6
14/02/2017,6246.8
15/02/2017,6282.6
16/02/2017,6249.7
17/02/2017,6194.5
20/02/2017,6225.5
21/02/2017,6270
22/02/2017,6294.2
23/02/2017,6289.4
24/02/2017,6241
27/02/2017,6200.3
28/02/2017,6160.7
01/03/2017,6258.4
02/03/2017,6262.3
03/03/2017,6247.8
06/03/2017,6237.1
07/03/2017,6223.6
08/03/2017,6165.5
09/03/2017,6227.4
10/03/2017,6310.7
13/03/2017,6320.4
14/03/2017,6246.8
15/03/2017,6267.1
16/03/2017,6245.8
17/03/2017,6172.3
21/03/2017,6168.4
22/03/2017,5963.2
23/03/2017,5962.2
24/03/2017,6029
27/03/2017,5960.3
28/03/2017,6018.4
29/03/2017,6034.1
30/03/2017,6021.3
31/03/2017,5953.3
03/04/2017,5957.3
04/04/2017,5896.2
05/04/2017,5822.3
06/04/2017,5724.7
07/04/2017,5746.4
10/04/2017,5809.5
11/04/2017,5823.3
12/04/2017,5712.9
13/04/2017,5646.9
14/04/2017,5712.9
17/04/2017,5674.5
18/04/2017,5672.5
19/04/2017,5611.4
20/04/2017,5669.6
21/04/2017,5769.1
24/04/2017,5800.6
25/04/2017,5912
26/04/2017,6063.7
27/04/2017,6027.2
28/04/2017,5946.4
01/05/2017,5953.3
02/05/2017,6052.9
08/05/2017,6143.5
09/05/2017,6045
10/05/2017,5991.8
11/05/2017,6033.2
12/05/2017,5958.3
15/05/2017,5920.8
16/05/2017,6003.6
17/05/2017,5945.5
18/05/2017,5843
19/05/2017,5877.5
22/05/2017,5909
23/05/2017,5912
24/05/2017,5912.9
25/05/2017,5897.2
26/05/2017,5853.8
29/05/2017,5882.4
30/05/2017,5893.2
31/05/2017,5845
01/06/2017,5901.1
02/06/2017,6002.6
05/06/2017,5880.4
06/06/2017,5823.3
07/06/2017,5815.4
08/06/2017,5720.8
09/06/2017,5752.3
12/06/2017,5793.7
13/06/2017,5787.8
14/06/2017,5773
15/06/2017,5709
16/06/2017,5709
19/06/2017,5702.1
20/06/2017,5723.8
21/06/2017,5754.3
22/06/2017,5790.8
23/06/2017,5774
26/06/2017,5752.3
27/06/2017,5789.8
28/06/2017,5817.4
29/06/2017,5823.3
30/06/2017,5806.5
03/07/2017,5862.7
04/07/2017,5971.1
05/07/2017,6063.7
06/07/2017,6044
07/07/2017,6066.7
10/07/2017,6096.2
11/07/2017,6171.1
12/07/2017,6133.7
13/07/2017,6118.9
14/07/2017,6166.2
18/07/2017,6089.3
19/07/2017,6038.1
20/07/2017,6059.8
21/07/2017,6036.1
24/07/2017,5989.8
25/07/2017,6017.4
26/07/2017,6095.2
27/07/2017,6158.3
28/07/2017,6136.6
31/07/2017,6142.5
01/08/2017,6207.6
02/08/2017,6207.6
03/08/2017,6133.7
04/08/2017,6124.8
07/08/2017,6246
08/08/2017,6243
09/08/2017,6144.5
10/08/2017,6182.9
14/08/2017,6089.3
15/08/2017,6182.9
16/08/2017,6103.1
17/08/2017,6084.4
18/08/2017,6035.1
21/08/2017,6072.6
22/08/2017,6047.9
23/08/2017,6082.4
24/08/2017,6017.4
25/08/2017,6067.6
28/08/2017,6036.1
29/08/2017,6000.6
30/08/2017,6060.7
31/08/2017,6092.3
01/09/2017,6091.3
04/09/2017,6078.5
05/09/2017,6127.7
06/09/2017,6074.5
07/09/2017,6143.5
08/09/2017,6128.7
11/09/2017,6203.6
12/09/2017,6267.7
13/09/2017,6322.8
14/09/2017,6336.6
15/09/2017,6384.9
19/09/2017,6630.3
20/09/2017,6604.6
21/09/2017,6639.1
22/09/2017,6634.2
25/09/2017,6684.5
26/09/2017,6715
27/09/2017,6748
28/09/2017,6769
29/09/2017,6710
02/10/2017,6701
03/10/2017,6747
04/10/2017,6730
05/10/2017,6784
06/10/2017,6889
10/10/2017,7000
11/10/2017,6932
12/10/2017,6925
13/10/2017,6897
16/10/2017,6881
17/10/2017,6935
18/10/2017,6986
19/10/2017,6980
20/10/2017,6999
23/10/2017,6981
24/10/2017,7028
25/10/2017,6988
26/10/2017,7032
27/10/2017,7073
30/10/2017,7077
31/10/2017,6990
01/11/2017,7038
02/11/2017,7155
06/11/2017,7169
07/11/2017,7183
08/11/2017,7254
09/11/2017,7166
10/11/2017,7108
13/11/2017,7132
14/11/2017,7132
15/11/2017,6960
16/11/2017,6962
17/11/2017,6917
20/11/2017,6931
21/11/2017,7028
22/11/2017,7079
24/11/2017,7023
27/11/2017,7026
28/11/2017,7038
29/11/2017,7052
30/11/2017,7044
01/12/2017,7051
04/12/2017,7008
05/12/2017,6997
06/12/2017,6878
07/12/2017,6932
08/12/2017,7017
11/12/2017,7047
12/12/2017,7041
13/12/2017,7080
14/12/2017,7096
15/12/2017,6966
18/12/2017,7162
19/12/2017,7194
20/12/2017,7250
21/12/2017,7288
22/12/2017,7282
25/12/2017,7282
26/12/2017,7253
27/12/2017,7274
28/12/2017,7221
29/12/2017,7213
04/01/2018,7413
05/01/2018,7552
09/01/2018,7541
10/01/2018,7706
11/01/2018,7629
12/01/2018,7578
15/01/2018,7653
16/01/2018,7733
17/01/2018,7782
18/01/2018,7698
19/01/2018,7739
22/01/2018,7679
23/01/2018,7740
24/01/2018,7673
25/01/2018,7594
26/01/2018,7608
29/01/2018,7643
30/01/2018,7629
31/01/2018,7480
01/02/2018,7618
02/02/2018,7626
05/02/2018,7501
06/02/2018,7286
07/02/2018,7372
08/02/2018,7551
09/02/2018,7465
13/02/2018,7276
14/02/2018,7122
15/02/2018,7142
16/02/2018,7208
19/02/2018,7379
20/02/2018,7291
21/02/2018,7300
22/02/2018,7235
23/02/2018,7283
26/02/2018,7323
27/02/2018,7379
28/02/2018,7235
01/03/2018,7084
02/03/2018,6916
05/03/2018,6814
06/03/2018,6882
07/03/2018,6797
08/03/2018,6815
09/03/2018,6791
12/03/2018,6958
13/03/2018,6969
14/03/2018,6939
15/03/2018,6931
16/03/2018,6884
19/03/2018,6827
20/03/2018,6853
22/03/2018,6846
23/03/2018,6603
26/03/2018,6642
27/03/2018,6891
28/03/2018,6862
29/03/2018,6842
30/03/2018,6825
02/04/2018,6779
03/04/2018,6730
04/04/2018,6739
05/04/2018,6750
06/04/2018,6728
